Administrative,Product,Information,BounceRate,ExitRate,PageValue,VisitorType,Weekend,purchase
0,12,2,0.571419,0.724103,2.83373,Returning_Visitor,1,0
1,1,2,0.409931,0.0250288,18.6387,Returning_Visitor,1,0
3,3,5,0.959261,0.704411,151.404,Returning_Visitor,0,0
1,2,10,0.945387,0.0476095,41.9031,New_Visitor,0,0
1,12,7,0.68931,0.138322,109.717,Returning_Visitor,0,1
5,13,2,0.534838,0.203356,14.3251,Returning_Visitor,1,0
4,16,1,0.167742,0.365566,93.2004,Returning_Visitor,0,0
2,12,1,0.818265,0.876608,101.336,Returning_Visitor,0,0
1,4,9,0.686782,0.842196,42.3861,Returning_Visitor,0,0
4,20,7,0.952064,0.313308,9.89792,New_Visitor,1,0
0,0,1,0.459759,0.843043,14.1176,New_Visitor,0,0
5,2,0,0.21403,0.933837,49.6447,New_Visitor,1,0
5,16,9,0.557221,0.0202445,1.41969,Returning_Visitor,0,1
3,12,6,0.932165,0.158336,185.001,Returning_Visitor,0,1
3,9,1,0.187968,0.909551,24.8154,New_Visitor,1,0
1,3,8,0.146529,0.297909,26.6868,Returning_Visitor,0,0
0,20,6,0.248369,0.544601,94.4622,Returning_Visitor,1,1
4,13,5,0.706726,0.185911,21.8238,Returning_Visitor,0,0
0,10,9,0.704706,0.523181,31.0674,Returning_Visitor,1,1
5,7,9,0.424093,0.4902,43.4339,Returning_Visitor,1,0
4,7,9,0.00661251,0.868894,74.9095,Returning_Visitor,0,0
5,6,9,0.0346442,0.345024,38.3314,Returning_Visitor,0,0
5,8,6,0.880579,0.752449,14.6791,New_Visitor,0,0
0,9,0,0.888887,0.257765,67.8455,Returning_Visitor,0,1
4,14,5,0.311573,0.865816,26.7171,New_Visitor,0,0
5,15,8,0.825644,0.864002,180.946,Returning_Visitor,0,1
0,0,4,0.600575,0.0880871,28.9144,Returning_Visitor,0,0
0,7,1,0.333509,0.908965,21.5077,New_Visitor,0,0
1,17,1,0.235576,0.436451,7.52423,Returning_Visitor,0,0
3,11,2,0.167837,0.150513,103.955,Returning_Visitor,0,0
1,7,1,0.452641,0.655346,3.07886,New_Visitor,0,0
5,20,1,0.745951,0.634186,79.7113,Returning_Visitor,1,0
2,1,9,0.160971,0.76211,89.1337,Returning_Visitor,1,0
5,2,5,0.703831,0.496638,91.3514,Returning_Visitor,1,1
5,6,10,0.266021,0.764636,15.5468,Returning_Visitor,0,0
4,4,2,0.585343,0.588097,24.9235,Returning_Visitor,1,0
2,5,8,0.248928,0.609678,13.8752,New_Visitor,0,0
3,17,6,0.368285,0.255224,29.6053,New_Visitor,0,0
4,6,1,0.533069,0.201651,82.7545,New_Visitor,0,0
4,8,0,0.466723,0.758844,104.329,New_Visitor,0,0
5,1,5,0.442757,0.211803,7.1366,New_Visitor,0,0
1,18,4,0.63207,0.771671,155.204,New_Visitor,1,0
4,0,7,0.784421,0.168521,9.79749,New_Visitor,0,0
0,8,7,0.0978403,0.98994,74.4714,Returning_Visitor,0,0
1,3,10,0.491631,0.580813,204.788,Returning_Visitor,0,1
3,13,1,0.65533,0.725142,131.746,New_Visitor,0,0
0,17,9,0.173258,0.726467,35.0969,New_Visitor,1,1
5,4,6,0.633555,0.0501896,90.2164,New_Visitor,0,1
4,0,3,0.936482,0.989328,80.9275,New_Visitor,0,0
0,18,0,0.176585,0.286306,36.9446,Returning_Visitor,1,0
3,12,2,0.109552,0.935293,10.9531,New_Visitor,1,0
5,14,10,0.603281,0.486203,88.2507,Returning_Visitor,0,0
3,3,6,0.605387,0.505944,51.8568,Returning_Visitor,1,1
2,10,6,0.77118,0.162613,39.9969,Returning_Visitor,0,1
4,16,7,0.86367,0.18792,10.3825,Returning_Visitor,0,0
0,16,8,0.818947,0.45263,92.4919,New_Visitor,0,0
0,12,10,0.114756,0.53052,6.85332,Returning_Visitor,1,1
4,18,5,0.564667,0.66233,0.366126,New_Visitor,0,0
4,8,4,0.768538,0.268321,9.02372,Returning_Visitor,0,0
3,10,0,0.920719,0.0838369,121.773,New_Visitor,1,0
0,9,4,0.370706,0.185725,194.085,New_Visitor,0,1
5,2,0,0.59794,0.362962,2.06823,Returning_Visitor,0,0
2,14,5,0.665463,0.858682,5.05401,New_Visitor,0,0
0,10,2,0.459142,0.0917233,149.4,Returning_Visitor,0,1
3,6,9,0.0565607,0.136501,78.9159,Returning_Visitor,0,1
2,8,5,0.248755,0.917257,1.973,Returning_Visitor,0,0
2,9,5,0.636977,0.912047,7.42512,Returning_Visitor,1,0
2,2,5,0.0948891,0.896224,64.4757,New_Visitor,0,1
0,6,9,0.271891,0.229455,42.3905,New_Visitor,0,0
3,20,10,0.0586516,0.89988,29.6691,Returning_Visitor,0,0
3,9,6,0.0439646,0.821012,160.486,Returning_Visitor,0,1
4,4,9,0.475172,0.139114,22.2847,Returning_Visitor,1,0
3,14,2,0.261437,0.489892,34.677,New_Visitor,0,0
3,18,0,0.155991,0.813551,25.5553,Returning_Visitor,0,0
0,6,0,0.629068,0.168295,66.0594,Returning_Visitor,0,1
0,9,2,0.225622,0.926719,91.6178,Returning_Visitor,0,0
3,13,5,0.873922,0.171399,4.62958,Returning_Visitor,1,0
1,16,4,0.402954,0.360067,76.1857,Returning_Visitor,0,1
1,2,5,0.86408,0.797077,12.0468,Returning_Visitor,0,0
2,8,0,0.756909,0.133528,101.318,New_Visitor,0,0
1,18,5,0.480223,0.412682,15.8353,New_Visitor,0,0
2,8,1,0.995505,0.209808,12.8445,Returning_Visitor,1,0
4,3,9,0.323661,0.464286,20.9172,Returning_Visitor,0,0
1,8,9,0.258376,0.366766,89.181,New_Visitor,1,1
2,2,2,0.749122,0.850277,127.433,Returning_Visitor,0,1
4,10,3,0.565128,0.591207,28.7871,Returning_Visitor,1,1
4,4,9,0.496859,0.828353,71.6358,Returning_Visitor,0,0
3,0,5,0.378936,0.330135,100.198,Returning_Visitor,0,1
3,9,3,0.803169,0.23369,12.0883,Returning_Visitor,0,0
2,3,2,0.716362,0.158592,10.3789,Returning_Visitor,0,0
4,19,10,0.209145,0.610256,7.56166,Returning_Visitor,0,0
2,2,4,0.854858,0.0717288,197.704,Returning_Visitor,0,0
3,8,1,0.886361,0.619257,112.097,Returning_Visitor,0,0
2,14,2,0.851367,0.889554,14.7847,Returning_Visitor,0,1
3,0,2,0.198886,0.732733,51.005,New_Visitor,0,0
1,10,7,0.233887,0.359836,61.3493,Returning_Visitor,0,1
3,0,8,0.688565,0.902504,68.6692,Returning_Visitor,0,1
1,3,1,0.594466,0.824649,13.626,Returning_Visitor,1,0
1,15,10,0.558971,0.433729,34.4894,Returning_Visitor,0,0
5,7,5,0.988526,0.00286063,60.1407,New_Visitor,0,0
3,4,6,0.229472,0.202783,7.1778,Returning_Visitor,0,0
1,7,0,0.934196,0.601987,32.4419,Returning_Visitor,1,0
5,17,5,0.733881,0.391896,8.97118,Returning_Visitor,1,0
2,11,0,0.270706,0.680598,44.935,Returning_Visitor,0,1
5,12,5,0.409987,0.778992,8.58263,Returning_Visitor,0,0
0,11,1,0.10436,0.100623,24.2702,Returning_Visitor,0,1
2,4,6,0.807311,0.488107,24.5416,Returning_Visitor,0,1
3,2,3,0.994341,0.794084,0.766244,Returning_Visitor,1,0
5,11,5,0.278749,0.166006,194.944,Returning_Visitor,0,0
0,0,10,0.941745,0.360882,78.1145,New_Visitor,0,0
4,14,10,0.530833,0.212627,70.0286,New_Visitor,0,0
5,20,2,0.568854,0.0286246,18.1673,Returning_Visitor,0,1
5,5,3,0.33971,0.782766,284.231,Returning_Visitor,1,1
4,7,4,0.20008,0.594084,3.66794,New_Visitor,0,0
4,19,4,0.785054,0.366534,23.8297,Returning_Visitor,0,0
3,18,1,0.126296,0.890874,2.91278,Returning_Visitor,1,1
5,11,2,0.461794,0.171882,194.553,Returning_Visitor,0,1
1,1,10,0.5429,0.497593,25.444,Returning_Visitor,0,0
4,19,2,0.146038,0.234266,74.7815,Returning_Visitor,0,1
5,5,10,0.948939,0.415076,22.9307,Returning_Visitor,0,0
4,10,2,0.621794,0.861079,33.7883,New_Visitor,0,0
0,6,3,0.20928,0.547127,1.00168,New_Visitor,1,0
0,6,3,0.750837,0.986732,53.9989,Returning_Visitor,0,0
3,15,7,0.91544,0.907714,11.8008,Returning_Visitor,0,0
5,0,0,0.504237,0.518374,70.0459,Returning_Visitor,0,1
1,2,1,0.937284,0.540043,120.212,Returning_Visitor,1,0
3,8,10,0.557405,0.441941,79.4791,Returning_Visitor,0,1
2,14,10,0.44473,0.626598,73.567,New_Visitor,1,0
3,7,1,0.807864,0.313659,21.2965,Returning_Visitor,0,0
0,7,5,0.964702,0.330123,27.1234,Returning_Visitor,0,0
0,17,9,0.259665,0.0450958,26.1444,New_Visitor,1,0
0,4,1,0.567691,0.156289,18.716,Returning_Visitor,0,0
4,2,0,0.912718,0.152518,51.2602,Returning_Visitor,0,1
5,0,5,0.989371,0.253542,64.3982,Returning_Visitor,0,0
4,9,1,0.12145,0.860665,72.1405,Returning_Visitor,0,1
4,7,6,0.493966,0.250749,84.0339,Returning_Visitor,0,0
1,6,9,0.965879,0.103089,3.62366,Returning_Visitor,0,0
2,10,2,0.396892,0.803583,55.9215,Returning_Visitor,0,0
1,2,7,0.581657,0.591024,7.6068,New_Visitor,0,0
3,20,0,0.44231,0.436747,5.58977,New_Visitor,1,0
0,8,9,0.0953209,0.229383,30.4831,New_Visitor,0,0
0,13,2,0.177883,0.27361,1.99986,Returning_Visitor,0,0
5,6,8,0.191623,0.127223,107.386,New_Visitor,1,0
2,0,2,0.950676,0.709182,24.3062,Returning_Visitor,0,0
5,11,8,0.6743,0.111286,134.131,Returning_Visitor,0,1
2,9,5,0.328177,0.680443,17.7536,Returning_Visitor,0,0
3,7,6,0.929682,0.184134,40.167,Returning_Visitor,0,0
3,18,5,0.884584,0.988889,68.2067,Returning_Visitor,0,0
4,15,1,0.607145,0.405623,46.6906,Returning_Visitor,1,1
3,20,1,0.849763,0.820884,74.5483,Returning_Visitor,0,0
0,4,4,0.963553,0.800692,35.9247,New_Visitor,0,0
5,19,9,0.606765,0.713239,9.41187,New_Visitor,0,0
3,1,4,0.236881,0.258087,93.6633,Returning_Visitor,0,1
3,20,1,0.994616,0.641649,15.9254,Returning_Visitor,0,0
2,7,10,0.272168,0.780653,61.2303,Returning_Visitor,1,0
0,0,8,0.519736,0.699154,96.194,Returning_Visitor,0,1
5,8,4,0.958581,0.127175,135.579,Returning_Visitor,0,0
5,6,6,0.683548,0.453194,120.881,Returning_Visitor,1,0
0,8,8,0.16229,0.138416,32.7683,New_Visitor,0,0
3,12,4,0.50943,0.614072,11.5793,Returning_Visitor,0,1
0,12,0,0.46463,0.763944,51.3051,Returning_Visitor,0,0
0,6,9,0.301442,0.214057,24.1597,Returning_Visitor,0,0
5,11,1,0.449506,0.508271,2.55226,Returning_Visitor,0,1
1,2,2,0.284641,0.968324,60.0282,Returning_Visitor,0,0
4,2,6,0.0613947,0.580084,110.994,Returning_Visitor,1,1
0,1,10,0.775077,0.785046,76.887,Returning_Visitor,0,0
1,6,5,0.0594679,0.0216896,35.4071,New_Visitor,1,0
5,12,2,0.376142,0.538823,7.40115,New_Visitor,0,0
0,7,5,0.234243,0.605076,134.655,Returning_Visitor,0,1
5,7,9,0.819149,0.00682219,28.6382,Returning_Visitor,0,1
0,20,8,0.569511,0.0609256,49.218,New_Visitor,0,0
5,4,0,0.556403,0.921527,30.861,New_Visitor,1,0
5,6,0,0.750966,0.921792,123.97,Returning_Visitor,0,1
2,2,4,0.720951,0.472279,48.7528,Returning_Visitor,0,0
4,12,7,0.721693,0.14568,191.567,New_Visitor,0,0
4,9,10,0.394173,0.567375,173.845,Returning_Visitor,1,1
0,13,6,0.468121,0.57471,17.0777,New_Visitor,0,0
1,5,4,0.489916,0.0469551,9.96209,New_Visitor,0,0
3,11,9,0.0113927,0.720354,0.0374463,New_Visitor,1,0
4,20,2,0.442281,0.0871531,33.6025,New_Visitor,0,0
4,12,6,0.307613,0.51885,4.33906,New_Visitor,0,0
1,14,6,0.409711,0.316963,15.341,Returning_Visitor,0,0
1,20,7,0.739058,0.858483,8.1676,New_Visitor,0,0
5,15,5,0.196369,0.922902,88.4077,New_Visitor,0,0
5,10,1,0.757658,0.376937,363.562,New_Visitor,0,1
2,6,0,0.0865602,0.0383746,23.2738,New_Visitor,1,0
0,11,1,0.535138,0.356287,3.88914,Returning_Visitor,0,1
5,19,10,0.814145,0.203459,51.7979,Returning_Visitor,1,1
0,20,9,0.0552731,0.654826,29.8692,Returning_Visitor,0,1
3,7,6,0.0828011,0.815023,88.1933,Returning_Visitor,0,1
5,18,10,0.811403,0.468577,36.7227,Returning_Visitor,0,1
1,15,10,0.0826334,0.200011,28.7244,Returning_Visitor,1,0
3,15,7,0.784468,0.119249,32.1256,New_Visitor,0,1
3,0,8,0.615462,0.550506,54.0369,New_Visitor,0,0
4,17,0,0.0382664,0.130601,124.243,New_Visitor,0,0
4,10,3,0.837637,0.475907,13.8113,Returning_Visitor,1,1
2,1,5,0.601455,0.778777,48.3348,Returning_Visitor,1,0
2,15,1,0.643491,0.622525,31.1601,Returning_Visitor,1,0
1,10,8,0.842262,0.211364,12.9432,New_Visitor,1,0
2,20,7,0.954972,0.7193,39.5687,Returning_Visitor,0,0
5,4,4,0.633454,0.875514,64.2476,Returning_Visitor,0,0
3,19,1,0.365405,0.462443,49.3651,Returning_Visitor,1,0
4,0,0,0.16792,0.249369,10.5831,Returning_Visitor,0,0
5,6,5,0.300821,0.536567,54.6271,Returning_Visitor,1,1
0,19,9,0.265843,0.740792,0.194895,New_Visitor,1,0
1,2,2,0.0189958,0.269495,12.9099,New_Visitor,1,0
5,7,8,0.599327,0.232829,164.117,Returning_Visitor,0,0
0,15,6,0.931785,0.463956,41.9937,Returning_Visitor,0,0
2,1,8,0.635107,0.989825,13.8939,Returning_Visitor,1,1
4,10,10,0.213651,0.199606,8.41803,Returning_Visitor,0,0
1,1,4,0.000219985,0.462397,12.471,Returning_Visitor,0,0
1,1,10,0.67404,0.0719619,6.07976,New_Visitor,1,0
5,20,6,0.0562542,0.464597,8.88767,Returning_Visitor,0,1
5,12,4,0.744114,0.391667,8.33415,New_Visitor,0,0
1,8,10,0.599341,0.590072,57.1347,New_Visitor,0,0
5,12,2,0.201385,0.658642,158.914,Returning_Visitor,0,1
3,12,4,0.299116,0.329478,86.5959,Returning_Visitor,0,1
5,5,5,0.97281,0.719949,3.54775,Returning_Visitor,1,0
4,14,2,0.675385,0.465014,17.9101,New_Visitor,1,0
2,10,1,0.489456,0.988016,21.3613,New_Visitor,0,0
5,15,1,0.0766262,0.0707991,113.993,Returning_Visitor,0,1
5,6,0,0.0828708,0.765187,239.899,New_Visitor,0,1
3,6,4,0.308405,0.813185,194.509,Returning_Visitor,1,1
1,2,3,0.793765,0.824522,168.974,Returning_Visitor,1,1
5,6,4,0.022614,0.678112,14.2495,New_Visitor,0,0
1,5,4,0.76584,0.124304,21.7531,Returning_Visitor,1,0
5,6,10,0.969602,0.650757,52.7725,Returning_Visitor,0,0
0,14,9,0.340346,0.99012,19.7306,Returning_Visitor,0,0
2,16,10,0.0450014,0.443354,186.983,Returning_Visitor,0,1
2,13,4,0.454382,0.975889,31.2856,Returning_Visitor,1,0
0,16,4,0.40176,0.263035,12.0746,Returning_Visitor,0,1
4,18,10,0.0610906,0.18391,16.327,Returning_Visitor,0,1
1,13,2,0.668731,0.968952,47.1122,New_Visitor,1,0
5,2,6,0.781555,0.393879,55.4311,Returning_Visitor,0,0
0,6,10,0.993672,0.65044,42.7495,New_Visitor,1,0
3,2,5,0.466053,0.153902,27.2274,Returning_Visitor,0,0
1,5,3,0.183082,0.714112,3.00237,Returning_Visitor,0,1
2,3,3,0.726081,0.513987,103.077,Returning_Visitor,0,0
4,15,4,0.881061,0.398345,110.105,Returning_Visitor,1,0
3,17,1,0.593151,0.482502,41.4621,New_Visitor,0,0
2,2,7,0.837524,0.329053,60.0659,New_Visitor,0,0
4,13,6,0.768063,0.0941835,5.31027,Returning_Visitor,0,1
0,12,7,0.0476805,0.238255,89.4158,New_Visitor,0,0
1,4,7,0.70552,0.177006,6.57765,New_Visitor,0,0
4,6,10,0.00180759,0.245516,10.1004,Returning_Visitor,0,0
0,10,8,0.619342,0.76028,180.291,Returning_Visitor,0,0
3,2,3,0.0368811,0.920024,43.1185,Returning_Visitor,1,0
1,11,3,0.961883,0.344514,33.7977,Returning_Visitor,1,0
0,5,3,0.346448,0.99597,79.9169,Returning_Visitor,0,1
1,4,3,0.244731,0.940689,20.1476,New_Visitor,0,0
4,2,3,0.0810763,0.431086,25.1719,Returning_Visitor,1,0
3,12,4,0.989927,0.155676,43.635,Returning_Visitor,0,0
4,19,4,0.624765,0.531854,8.3855,Returning_Visitor,1,1
5,5,6,0.580591,0.264295,48.9289,Returning_Visitor,0,0
1,19,8,0.900564,0.269152,9.73489,Returning_Visitor,1,1
3,4,10,0.655953,0.910722,29.8808,New_Visitor,0,0
0,19,7,0.361073,0.716759,3.44903,New_Visitor,1,0
3,17,6,0.655335,0.435266,26.1657,Returning_Visitor,0,0
4,15,4,0.683609,0.825561,42.1956,New_Visitor,0,0
1,8,9,0.738981,0.854248,82.1922,Returning_Visitor,1,0
1,9,10,0.102425,0.357809,37.4822,New_Visitor,0,0
1,3,10,0.454209,0.943699,68.5031,Returning_Visitor,0,0
3,9,3,0.730819,0.191744,323.532,Returning_Visitor,0,1
2,2,6,0.602692,0.133888,29.5798,Returning_Visitor,1,0
5,7,1,0.371657,0.0149678,138.437,New_Visitor,0,1
3,8,6,0.181008,0.033639,12.5019,Returning_Visitor,1,0
4,8,4,0.836081,0.424706,14.7985,New_Visitor,0,0
4,12,8,0.411527,0.496961,31.6822,New_Visitor,0,0
2,20,6,0.312994,0.36626,13.2947,New_Visitor,0,0
5,19,5,0.721981,0.145027,44.6535,New_Visitor,1,0
3,3,9,0.423078,0.339655,83.3371,New_Visitor,0,0
1,15,1,0.257902,0.338043,16.0373,New_Visitor,1,0
3,4,10,0.681892,0.276539,36.7587,Returning_Visitor,0,0
0,10,6,0.977883,0.827631,0.795065,Returning_Visitor,0,0
1,12,3,0.156437,0.422697,110.536,New_Visitor,0,1
2,9,10,0.335448,0.696984,126.882,Returning_Visitor,1,1
2,8,6,0.326866,0.426828,2.19116,Returning_Visitor,0,0
2,4,0,0.340316,0.459215,6.70515,Returning_Visitor,0,0
1,19,6,0.587664,0.0894136,14.723,New_Visitor,0,0
1,13,9,0.792651,0.87925,8.54212,New_Visitor,0,0
1,15,1,0.857225,0.25124,44.143,New_Visitor,1,0
3,17,0,0.864313,0.820992,15.8424,Returning_Visitor,1,0
2,18,4,0.988512,0.553452,33.1173,Returning_Visitor,1,1
4,9,10,0.307058,0.912938,162.603,Returning_Visitor,0,1
4,18,0,0.093575,0.373198,1.83451,Returning_Visitor,0,1
2,17,10,0.751429,0.0499314,52.6833,Returning_Visitor,0,1
2,1,9,0.412025,0.670368,9.96124,Returning_Visitor,1,0
4,17,6,0.324998,0.970157,179.976,Returning_Visitor,0,1
3,18,9,0.384369,0.257952,38.2851,Returning_Visitor,0,0
1,9,3,0.793529,0.283732,0.92911,Returning_Visitor,0,0
2,9,7,0.192996,0.198651,15.734,New_Visitor,0,0
1,6,10,0.663253,0.49992,82.4694,New_Visitor,0,0
1,9,6,0.248851,0.492009,42.0104,New_Visitor,0,0
4,4,8,0.848266,0.628544,70.8374,Returning_Visitor,0,0
3,13,6,0.550799,0.574533,22.7877,New_Visitor,1,0
5,3,0,0.564857,0.490828,37.8973,Returning_Visitor,1,0
3,16,1,0.607154,0.785878,17.5169,New_Visitor,0,0
0,3,4,0.774056,0.889342,15.7232,Returning_Visitor,0,0
3,13,8,0.301723,0.344936,29.8351,New_Visitor,1,0
4,1,5,0.373895,0.107214,14.8308,New_Visitor,0,0
4,6,0,0.270832,0.189174,20.5002,Returning_Visitor,1,0
1,17,0,0.645411,0.906881,15.6242,Returning_Visitor,0,1
4,4,3,0.509414,0.346714,60.3817,New_Visitor,0,0
2,15,5,0.544138,0.263759,49.8243,Returning_Visitor,0,1
4,16,1,0.815146,0.544284,98.7233,Returning_Visitor,1,0
1,18,2,0.858129,0.261807,115.377,Returning_Visitor,0,1
0,11,10,0.439839,0.6199,12.1286,Returning_Visitor,0,1
5,1,9,0.126929,0.748696,51.8376,Returning_Visitor,1,0
5,7,6,0.398554,0.53217,33.1134,New_Visitor,1,0
5,4,5,0.723321,0.7079,7.54449,New_Visitor,0,0
3,0,0,0.759078,0.286565,40.7713,Returning_Visitor,1,1
0,2,0,0.906213,0.207088,17.4411,New_Visitor,0,0
4,0,9,0.453356,0.679708,46.6498,New_Visitor,0,0
5,16,3,0.0379983,0.116837,3.50127,New_Visitor,1,1
1,20,5,0.585076,0.250294,37.4994,Returning_Visitor,0,0
2,14,8,0.0220749,0.465297,30.0087,Returning_Visitor,0,1
1,0,0,0.207188,0.0774334,9.85049,Returning_Visitor,0,0
4,11,8,0.472055,0.468439,8.46388,Returning_Visitor,0,0
2,11,6,0.542846,0.332145,41.304,New_Visitor,0,0
2,12,2,0.109616,0.1015,27.0745,Returning_Visitor,0,0
4,20,3,0.998239,0.193856,18.1587,Returning_Visitor,1,0
0,17,5,0.788712,0.39827,10.1778,New_Visitor,0,0
4,5,7,0.0123165,0.378732,33.1264,New_Visitor,0,0
3,10,6,0.781926,0.341602,175.515,Returning_Visitor,0,1
3,13,4,0.685949,0.598872,12.9902,New_Visitor,0,0
4,4,3,0.845954,0.369563,9.44603,Returning_Visitor,1,0
2,18,4,0.605449,0.305588,81.9024,New_Visitor,1,0
4,16,4,0.85708,0.912402,126.464,New_Visitor,0,0
5,8,3,0.456421,0.298034,33.1678,Returning_Visitor,0,0
1,18,0,0.107606,0.898073,74.7951,Returning_Visitor,1,0
3,1,7,0.779304,0.365024,4.47413,Returning_Visitor,0,1
3,10,5,0.708416,0.702313,29.3853,Returning_Visitor,0,0
0,19,0,0.0698603,0.54587,48.4493,Returning_Visitor,0,0
2,3,5,0.893054,0.382581,8.4883,Returning_Visitor,1,0
5,17,1,0.684282,0.281448,58.5966,Returning_Visitor,0,0
2,14,4,0.953656,0.639422,53.0728,New_Visitor,0,0
2,16,1,0.446887,0.0425092,21.8034,Returning_Visitor,0,1
1,1,5,0.0668364,0.802025,25.7676,Returning_Visitor,0,0
0,11,7,0.0909057,0.043213,28.5635,Returning_Visitor,0,0
2,9,9,0.747712,0.260823,113.913,New_Visitor,1,0
5,2,0,0.510963,0.692596,11.8136,Returning_Visitor,0,0
2,12,4,0.701375,0.296692,19.9228,Returning_Visitor,1,1
5,20,3,0.32851,0.512667,11.2313,Returning_Visitor,1,1
0,16,3,0.0572864,0.584302,106.57,Returning_Visitor,0,0
1,14,4,0.200416,0.84918,17.8894,New_Visitor,1,0
5,13,6,0.756803,0.727127,54.875,New_Visitor,0,0
1,7,10,0.761367,0.03166,100.188,Returning_Visitor,1,1
0,16,5,0.157009,0.666477,17.5822,New_Visitor,0,0
0,5,5,0.94701,0.292076,98.4576,Returning_Visitor,1,1
0,10,4,0.658701,0.220702,8.73304,Returning_Visitor,0,0
3,3,8,0.364215,0.983272,7.09835,Returning_Visitor,0,0
4,1,7,0.248821,0.869257,31.5514,Returning_Visitor,0,0
0,20,5,0.467957,0.746937,12.8499,New_Visitor,1,0
1,5,1,0.905847,0.635358,15.3012,Returning_Visitor,0,0
2,7,7,0.132537,0.690084,82.303,New_Visitor,1,0
2,15,4,0.380368,0.875393,68.8234,Returning_Visitor,1,1
3,11,10,0.464314,0.338812,18.4225,Returning_Visitor,0,1
1,13,8,0.440332,0.0268744,41.3598,Returning_Visitor,0,1
0,8,8,0.656049,0.118605,81.1023,Returning_Visitor,0,1
0,6,6,0.51878,0.202927,128.126,New_Visitor,0,1
4,4,10,0.603387,0.942479,19.2268,Returning_Visitor,0,0
0,11,8,0.876806,0.450819,1.65837,Returning_Visitor,0,0
1,8,5,0.815241,0.661778,8.07291,Returning_Visitor,0,0
2,12,6,0.478352,0.33969,51.2137,Returning_Visitor,0,1
0,19,6,0.4142,0.0762482,8.52409,New_Visitor,0,0
0,1,7,0.346274,0.981905,28.6327,Returning_Visitor,0,0
5,10,4,0.0348175,0.324389,15.5924,Returning_Visitor,0,0
0,12,3,0.63899,0.436932,54.4958,Returning_Visitor,1,0
5,11,1,0.295984,0.510998,8.62482,Returning_Visitor,0,0
4,6,1,0.88885,0.298832,20.959,Returning_Visitor,0,0
0,3,4,0.853692,0.443511,31.3088,Returning_Visitor,1,0
0,2,8,0.0576723,0.916574,11.8583,Returning_Visitor,1,1
1,14,7,0.586773,0.459329,114.801,Returning_Visitor,0,1
1,16,4,0.238434,0.381901,3.81089,Returning_Visitor,0,0
2,18,2,0.213448,0.955661,35.468,Returning_Visitor,0,0
4,19,4,0.608364,0.165402,46.8339,Returning_Visitor,0,0
2,19,6,0.445148,0.559216,16.3853,Returning_Visitor,0,1
5,11,5,0.667865,0.656509,59.039,Returning_Visitor,0,1
3,2,1,0.111785,0.55472,39.4614,Returning_Visitor,0,0
3,7,4,0.999328,0.076617,26.0897,Returning_Visitor,0,0
3,1,6,0.244577,0.0230734,64.5563,New_Visitor,1,0
0,16,1,0.0888586,0.561695,111.901,Returning_Visitor,1,1
3,4,5,0.50115,0.629359,96.6468,Returning_Visitor,0,0
3,19,9,0.540258,0.840832,307.276,New_Visitor,0,0
3,10,0,0.931083,0.517841,9.00235,Returning_Visitor,0,0
5,20,4,0.0474033,0.414071,216.409,New_Visitor,1,1
3,10,9,0.539404,0.322257,8.00259,Returning_Visitor,0,0
1,15,8,0.236066,0.206714,37.6534,New_Visitor,0,0
1,6,0,0.462134,0.782308,19.2446,Returning_Visitor,0,0
2,0,8,0.886194,0.411475,13.2694,Returning_Visitor,1,0
2,2,2,0.625176,0.231665,25.2931,New_Visitor,0,0
4,19,5,0.458722,0.506401,17.5942,Returning_Visitor,0,1
1,12,7,0.657325,0.316668,47.166,Returning_Visitor,0,0
1,18,5,0.978328,0.571063,38.4458,Returning_Visitor,0,1
3,13,7,0.795906,0.89953,19.5698,New_Visitor,0,0
0,19,8,0.077476,0.166869,22.9872,Returning_Visitor,0,1
5,16,9,0.958503,0.875549,22.0743,Returning_Visitor,0,0
5,13,7,0.331116,0.868212,28.1152,New_Visitor,0,1
2,18,0,0.0688698,0.963479,17.7897,New_Visitor,0,0
1,7,5,0.640851,0.452755,10.7578,Returning_Visitor,0,0
4,10,9,0.418377,0.592231,44.5282,Returning_Visitor,0,0
5,5,2,0.321746,0.180446,15.6191,Returning_Visitor,0,0
3,16,5,0.163805,0.012027,5.0163,New_Visitor,0,0
2,14,1,0.101642,0.425772,20.297,Returning_Visitor,1,1
5,17,2,0.739934,0.166189,29.0387,Returning_Visitor,1,0
5,12,6,0.510834,0.854972,14.6289,Returning_Visitor,0,0
3,8,3,0.239519,0.744612,59.9079,New_Visitor,0,0
1,20,7,0.1715,0.307283,14.7788,Returning_Visitor,0,0
4,19,9,0.38447,0.372221,79.801,Returning_Visitor,0,1
3,18,1,0.349826,0.859117,96.7723,New_Visitor,0,0
1,16,0,0.496538,0.821325,16.7195,Returning_Visitor,0,1
3,13,6,0.412972,0.630229,120.709,Returning_Visitor,0,1
0,11,7,0.496764,0.42248,19.573,Returning_Visitor,0,0
1,17,3,0.309611,0.555483,93.6859,New_Visitor,0,0
4,16,0,0.755228,0.780572,2.29118,New_Visitor,0,0
3,16,1,0.157806,0.558632,83.5158,New_Visitor,1,1
3,9,4,0.131789,0.271769,32.8672,Returning_Visitor,1,0
3,13,9,0.0672219,0.00462174,38.7697,Returning_Visitor,0,1
2,0,7,0.848438,0.91973,46.21,Returning_Visitor,0,0
1,16,4,0.751257,0.723141,134.292,New_Visitor,0,0
2,2,0,0.378816,0.335294,98.122,Returning_Visitor,0,0
3,4,8,0.532918,0.566955,2.05922,Returning_Visitor,0,0
2,13,10,0.786626,0.980666,153.12,New_Visitor,1,0
1,1,0,0.321185,0.536081,30.2297,Returning_Visitor,1,0
2,19,5,0.76053,0.534981,63.7446,Returning_Visitor,0,1
2,20,2,0.194672,0.762545,6.92241,Returning_Visitor,0,1
1,20,4,0.648153,0.00177758,4.33812,New_Visitor,1,0
3,0,4,0.577571,0.891189,36.9758,Returning_Visitor,0,0
5,5,9,0.169766,0.763331,117.032,Returning_Visitor,0,1
0,6,10,0.299999,0.493086,25.3666,Returning_Visitor,1,0
4,10,3,0.943157,0.519537,27.4344,Returning_Visitor,0,0
5,14,4,0.0550125,0.24242,30.2163,Returning_Visitor,1,0
1,12,2,0.256324,0.427189,34.048,New_Visitor,0,0
4,6,2,0.118203,0.0803636,66.1356,New_Visitor,0,0
2,20,10,0.251609,0.21096,6.05994,New_Visitor,0,0
5,1,3,0.359119,0.75736,77.4404,Returning_Visitor,0,0
2,12,4,0.391709,0.215015,22.1802,Returning_Visitor,0,1
3,13,10,0.149373,0.503637,33.8417,New_Visitor,0,0
2,4,7,0.866647,0.547408,14.5066,New_Visitor,1,1
1,1,5,0.478529,0.0228544,25.9656,New_Visitor,0,0
2,7,7,0.0781303,0.873501,46.3867,Returning_Visitor,1,0
2,12,7,0.200984,0.965869,12.6042,New_Visitor,1,0
3,8,1,0.864436,0.719653,167.981,Returning_Visitor,0,0
0,16,0,0.992005,0.940667,58.266,Returning_Visitor,0,0
3,18,3,0.97838,0.258671,14.9514,Returning_Visitor,0,0
1,7,1,0.0185941,0.647917,38.478,Returning_Visitor,0,1
1,3,1,0.899243,0.804523,2.07903,New_Visitor,0,0
0,2,3,0.544061,0.0415439,17.9134,New_Visitor,0,0
1,3,9,0.234073,0.595844,28.7028,New_Visitor,0,0
0,13,2,0.637282,0.73365,13.598,Returning_Visitor,0,0
2,1,3,0.123282,0.0805716,11.1123,New_Visitor,0,0
1,15,3,0.215378,0.262944,105.815,New_Visitor,0,0
1,0,7,0.699503,0.153706,17.0389,Returning_Visitor,1,0
5,13,10,0.0466678,0.0967309,47.3887,New_Visitor,0,0
1,11,1,0.857561,0.934246,49.57,New_Visitor,1,0
0,10,6,0.215582,0.741017,138.953,Returning_Visitor,0,0
0,0,2,0.209851,0.444721,19.1846,Returning_Visitor,0,0
1,20,8,0.334124,0.957383,50.4089,Returning_Visitor,1,1
1,0,5,0.188829,0.424788,15.4515,Returning_Visitor,0,1
2,2,7,0.447347,0.96414,15.0666,New_Visitor,1,0
0,7,4,0.218982,0.988609,59.6125,Returning_Visitor,0,0
3,14,3,0.58272,0.343529,34.6209,Returning_Visitor,1,0
3,6,0,0.527761,0.573006,32.1303,Returning_Visitor,0,0
2,3,9,0.806269,0.856878,1.13795,Returning_Visitor,0,0
5,4,4,0.76234,0.805321,32.227,Returning_Visitor,0,1
2,20,9,0.628328,0.0380972,29.1662,New_Visitor,1,0
1,4,2,0.30521,0.137112,12.2926,New_Visitor,0,0
0,12,8,0.66663,0.481526,5.00874,Returning_Visitor,0,0
0,14,10,0.402857,0.45484,9.99273,Returning_Visitor,1,0
0,12,2,0.980615,0.238577,2.56251,Returning_Visitor,0,0
1,2,6,0.230963,0.248429,171.46,Returning_Visitor,0,0
2,17,0,0.489179,0.0657274,7.06575,Returning_Visitor,0,0
1,14,1,0.655216,0.767377,67.6825,Returning_Visitor,0,0
2,14,8,0.17179,0.66991,5.35356,Returning_Visitor,0,0
3,14,8,0.0889384,0.261266,69.5834,New_Visitor,0,0
3,8,0,0.244971,0.980962,26.901,Returning_Visitor,1,0
3,0,3,0.15717,0.29839,101.44,Returning_Visitor,1,1
1,15,0,0.610147,0.388697,28.9289,Returning_Visitor,1,0
4,18,7,0.133698,0.281804,31.9282,Returning_Visitor,1,1
2,2,9,0.878104,0.786057,6.51251,Returning_Visitor,0,0
3,7,7,0.129341,0.959659,9.27282,Returning_Visitor,0,0
5,10,0,0.677869,0.590281,45.982,Returning_Visitor,0,0
0,7,3,0.45875,0.893133,122.676,Returning_Visitor,1,1
3,1,0,0.00476293,0.651091,1.62015,New_Visitor,0,0
2,14,8,0.00170675,0.434521,61.8337,New_Visitor,0,1
2,1,2,0.952087,0.480975,6.05454,Returning_Visitor,1,0
3,9,8,0.877076,0.328742,93.2175,New_Visitor,0,0
2,14,6,0.690774,0.89521,22.977,New_Visitor,0,0
3,1,2,0.0136979,0.101159,27.5066,Returning_Visitor,0,1
1,3,9,0.289715,0.210645,96.3701,Returning_Visitor,1,1
0,4,2,0.829598,0.51237,34.3953,Returning_Visitor,0,0
3,15,4,0.27237,0.335337,43.6702,Returning_Visitor,0,0
3,17,6,0.104109,0.300848,30.2416,Returning_Visitor,0,1
2,8,8,0.0528152,0.251852,74.6186,Returning_Visitor,1,1
3,10,8,0.164246,0.984126,8.95347,Returning_Visitor,1,0
5,14,0,0.829274,0.0298697,8.77758,Returning_Visitor,0,0
0,9,9,0.838834,0.92823,16.2953,Returning_Visitor,1,0
4,3,7,0.438183,0.567106,7.30988,Returning_Visitor,0,0
2,0,8,0.29678,0.0846134,14.3793,Returning_Visitor,0,1
3,6,7,0.186155,0.0924082,17.9612,Returning_Visitor,0,1
4,6,4,0.220874,0.027745,32.5691,Returning_Visitor,0,1
5,1,3,0.837723,0.202398,4.5405,New_Visitor,0,0
4,10,3,0.72484,0.227479,19.3722,Returning_Visitor,1,0
5,12,5,0.0898794,0.680057,215.142,Returning_Visitor,0,0
1,5,7,0.593849,0.249908,12.1452,Returning_Visitor,0,0
4,17,8,0.0964174,0.639789,14.2942,New_Visitor,0,0
2,4,9,0.319014,0.436941,13.2536,Returning_Visitor,0,1
5,13,6,0.970346,0.32274,10.3192,New_Visitor,0,0
2,8,6,0.974249,0.872197,1.95457,Returning_Visitor,0,0
3,12,10,0.719579,0.962071,74.2661,New_Visitor,0,0
1,19,5,0.967328,0.481315,0.874591,New_Visitor,0,0
2,1,2,0.0797051,0.906552,2.18662,New_Visitor,0,0
3,3,4,0.318367,0.995236,20.5124,Returning_Visitor,0,0
4,3,6,0.355329,0.313183,15.543,New_Visitor,0,0
4,17,7,0.200379,0.35773,72.74,Returning_Visitor,0,0
1,9,7,0.522948,0.963844,35.6218,Returning_Visitor,0,0
4,13,10,0.404488,0.272868,13.7536,Returning_Visitor,1,1
0,2,0,0.905197,0.798865,48.8948,Returning_Visitor,0,0
4,15,1,0.0529125,0.345991,78.2952,Returning_Visitor,0,0
2,4,9,0.768489,0.855377,2.51992,Returning_Visitor,1,0
2,16,6,0.350321,0.901137,78.4166,Returning_Visitor,0,1
4,18,10,0.590178,0.187159,39.2261,Returning_Visitor,1,0
4,6,10,0.204214,0.131522,7.19992,Returning_Visitor,0,0
2,15,4,0.852914,0.0187597,98.7179,Returning_Visitor,0,0
5,1,10,0.903235,0.0179632,10.9773,New_Visitor,0,0
2,8,5,0.872951,0.158493,86.1975,New_Visitor,0,0
1,1,10,0.736856,0.312802,14.6821,Returning_Visitor,1,0
5,20,4,0.472479,0.634025,86.3136,Returning_Visitor,0,0
2,6,3,0.657571,0.0970955,99.3352,Returning_Visitor,1,1
4,17,3,0.671217,0.110395,108.496,Returning_Visitor,0,1
0,11,6,0.434022,0.68256,61.7854,Returning_Visitor,0,1
4,6,4,0.118109,0.793336,80.9044,Returning_Visitor,0,0
4,14,5,0.555929,0.447232,37.8173,Returning_Visitor,0,0
3,3,1,0.742009,0.900106,12.8454,New_Visitor,0,0
0,19,10,0.837543,0.524096,50.6233,Returning_Visitor,1,0
0,6,5,0.499521,0.927139,21.8227,Returning_Visitor,0,0
2,19,5,0.125072,0.879481,49.3203,New_Visitor,0,0
1,11,4,0.000469623,0.593633,47.9003,New_Visitor,0,0
1,6,6,0.60873,0.729514,39.8188,New_Visitor,1,0
4,13,4,0.365211,0.940481,39.371,Returning_Visitor,0,0
3,5,3,0.134473,0.114089,65.2978,New_Visitor,0,0
4,4,9,0.404911,0.0771384,8.68053,Returning_Visitor,0,0
4,0,2,0.810159,0.167464,76.6043,Returning_Visitor,0,0
1,16,5,0.642026,0.440326,88.9598,New_Visitor,0,0
3,17,0,0.907806,0.200451,6.58628,Returning_Visitor,1,1
4,8,9,0.735273,0.587734,1.69556,Returning_Visitor,0,0
2,15,4,0.186049,0.815116,76.9434,New_Visitor,1,0
3,18,10,0.95944,0.612361,8.2123,Returning_Visitor,1,0
0,3,3,0.801727,0.926295,8.10282,Returning_Visitor,0,0
1,18,1,0.729678,0.782571,14.5306,Returning_Visitor,0,0
4,15,0,0.445975,0.880738,31.8081,New_Visitor,0,0
0,17,5,0.252702,0.935223,13.9676,Returning_Visitor,1,1
3,1,4,0.254382,0.648478,23.9988,Returning_Visitor,1,0
0,5,5,0.441063,0.086345,55.9999,Returning_Visitor,0,1
4,9,3,0.922017,0.365062,62.5572,New_Visitor,0,0
4,3,3,0.177979,0.715606,213.067,New_Visitor,0,1
2,18,10,0.434215,0.379337,59.3969,Returning_Visitor,0,0
5,19,7,0.428093,0.0716185,45.6314,Returning_Visitor,1,1
3,14,3,0.0938667,0.816624,4.61178,Returning_Visitor,1,0
4,6,4,0.827955,0.808334,54.2224,Returning_Visitor,0,0
4,16,7,0.747884,0.267591,39.5725,Returning_Visitor,1,0
4,16,3,0.40284,0.252488,9.87733,New_Visitor,0,0
0,1,1,0.617379,0.44234,5.58153,New_Visitor,0,0
5,5,4,0.261512,0.466066,80.3019,Returning_Visitor,0,1
5,1,5,0.559784,0.0846705,85.6686,Returning_Visitor,0,1
3,17,1,0.885203,0.77283,54.1646,New_Visitor,0,0
3,5,9,0.40527,0.329632,45.5579,Returning_Visitor,0,0
1,17,10,0.730392,0.259238,72.3926,New_Visitor,0,0
3,10,5,0.848743,0.398511,15.3086,New_Visitor,0,0
2,11,8,0.191611,0.0564192,164.255,Returning_Visitor,1,1
0,12,8,0.387582,0.855336,0.912786,Returning_Visitor,1,1
3,13,8,0.725182,0.834948,2.25772,Returning_Visitor,1,0
3,0,8,0.262336,0.778987,72.1347,Returning_Visitor,0,0
0,20,0,0.695438,0.34718,56.3998,Returning_Visitor,0,0
1,15,3,0.150746,0.643835,29.2998,Returning_Visitor,0,0
5,19,6,0.932235,0.527122,24.8599,New_Visitor,1,0
0,2,6,0.834578,0.0263309,82.857,New_Visitor,0,0
2,7,0,0.32272,0.314432,80.262,New_Visitor,0,0
1,10,1,0.395521,0.337085,2.14251,Returning_Visitor,0,0
5,19,6,0.840622,0.229702,75.0134,Returning_Visitor,1,0
3,15,10,0.6327,0.0743718,95.2883,Returning_Visitor,0,0
5,8,8,0.473993,0.696707,154.774,New_Visitor,1,1
5,16,5,0.271066,0.456603,43.0692,Returning_Visitor,0,0
2,9,0,0.574687,0.0149148,2.98092,Returning_Visitor,0,0
5,19,4,0.284476,0.664436,101.767,Returning_Visitor,0,1
5,16,3,0.0543721,0.422543,20.4599,Returning_Visitor,1,0
4,7,3,0.220717,0.469228,4.83723,Returning_Visitor,0,0
5,13,2,0.588068,0.424063,35.106,New_Visitor,0,0
5,14,7,0.669147,0.247734,15.711,Returning_Visitor,1,1
3,19,6,0.729656,0.939386,8.94794,Returning_Visitor,0,0
2,1,1,0.937337,0.231671,26.9654,Returning_Visitor,0,0
0,9,6,0.531319,0.324418,9.04567,Returning_Visitor,1,1
0,0,7,0.845167,0.247884,25.9539,Returning_Visitor,1,1
4,7,10,0.447709,0.892863,25.4957,Returning_Visitor,0,0
3,14,9,0.233852,0.362524,26.5868,Returning_Visitor,0,0
4,10,10,0.595205,0.381674,4.20812,Returning_Visitor,1,1
2,6,2,0.278812,0.384628,117.726,New_Visitor,0,0
1,3,8,0.362248,0.217255,7.36378,Returning_Visitor,0,0
1,17,10,0.484216,0.488461,9.36606,Returning_Visitor,0,0
2,14,10,0.415561,0.248011,27.6852,Returning_Visitor,0,1
1,10,8,0.436445,0.559116,6.6388,Returning_Visitor,0,1
3,9,9,0.599383,0.739468,18.9635,New_Visitor,1,0
2,4,5,0.472713,0.0192235,12.379,New_Visitor,0,0
5,14,8,0.360047,0.640134,78.6713,New_Visitor,0,1
1,20,1,0.582589,0.3525,44.5975,Returning_Visitor,0,0
4,3,7,0.617954,0.679805,20.8269,Returning_Visitor,0,0
5,18,4,0.0826995,0.495406,106.956,Returning_Visitor,0,0
1,11,8,0.115831,0.918731,2.90181,New_Visitor,0,0
3,17,9,0.77579,0.240725,3.51588,Returning_Visitor,0,0
3,13,10,0.0204115,0.692467,54.319,Returning_Visitor,0,1
1,10,3,0.887018,0.874217,21.1525,Returning_Visitor,0,0
0,20,5,0.808091,0.883458,1.11308,Returning_Visitor,1,0
2,12,5,0.543417,0.485665,13.0774,New_Visitor,1,0
1,4,0,0.143402,0.510081,23.6669,Returning_Visitor,1,0
1,7,7,0.0571196,0.832287,60.1842,New_Visitor,0,0
2,8,1,0.502548,0.101757,44.5417,Returning_Visitor,0,1
0,10,5,0.750513,0.261288,75.9309,Returning_Visitor,1,0
4,20,5,0.130252,0.836709,16.9933,Returning_Visitor,0,0
0,8,9,0.952411,0.511988,9.61425,New_Visitor,0,0
1,0,5,0.83916,0.313878,25.0086,Returning_Visitor,0,0
4,0,0,0.0398293,0.934148,123.072,Returning_Visitor,0,1
2,13,0,0.791589,0.930486,3.2878,Returning_Visitor,0,0
1,11,7,0.816253,0.456929,6.95633,Returning_Visitor,0,0
4,20,10,0.460871,0.126048,24.0983,Returning_Visitor,0,0
3,0,0,0.084055,0.0741774,17.3767,Returning_Visitor,0,0
1,12,4,0.303062,0.241868,98.4031,New_Visitor,0,0
5,16,6,0.628123,0.433551,0.89341,Returning_Visitor,0,1
4,3,0,0.108333,0.685174,22.1103,Returning_Visitor,0,0
4,8,0,0.765422,0.0452669,154.197,New_Visitor,0,0
4,19,2,0.897119,0.652376,75.4997,Returning_Visitor,0,0
3,9,7,0.137234,0.373937,16.4828,New_Visitor,1,0
2,2,9,0.218072,0.69708,37.8362,Returning_Visitor,1,0
1,18,2,0.548244,0.165667,21.6464,Returning_Visitor,1,0
5,16,4,0.197271,0.10791,28.5948,New_Visitor,0,1
3,17,0,0.248154,0.0788002,42.8666,Returning_Visitor,0,0
0,6,0,0.968751,0.323554,143.119,Returning_Visitor,0,1
2,14,2,0.12253,0.914704,32.8116,Returning_Visitor,0,1
3,20,4,0.557599,0.570668,16.5862,Returning_Visitor,0,0
4,0,5,0.253929,0.139521,14.2907,Returning_Visitor,1,0
1,7,10,0.906923,0.264101,100.94,Returning_Visitor,0,0
3,13,9,0.461485,0.479532,1.79666,Returning_Visitor,0,0
0,9,3,0.484535,0.806723,30.9348,Returning_Visitor,0,1
5,13,7,0.424743,0.77299,44.076,Returning_Visitor,0,1
5,16,0,0.826993,0.132749,23.4399,New_Visitor,1,0
5,4,7,0.105451,0.419385,57.287,Returning_Visitor,1,1
5,3,9,0.802256,0.736179,5.66595,New_Visitor,1,0
1,11,3,0.621277,0.589778,45.7929,New_Visitor,1,0
2,9,0,0.063437,0.354039,123.558,New_Visitor,0,0
2,4,2,0.907873,0.378227,46.0961,Returning_Visitor,0,0
1,12,6,0.412094,0.54742,37.6701,New_Visitor,0,0
2,19,6,0.117266,0.0913256,101.385,Returning_Visitor,0,1
4,5,4,0.864183,0.114022,121.481,Returning_Visitor,0,1
1,17,5,0.500222,0.781382,25.6527,Returning_Visitor,0,0
2,13,9,0.412982,0.480146,8.31807,Returning_Visitor,0,0
1,4,5,0.512238,0.208494,57.0756,Returning_Visitor,0,0
1,4,3,0.242099,0.506922,7.22179,New_Visitor,0,0
2,2,3,0.128795,0.191238,142.893,Returning_Visitor,0,0
5,18,7,0.446033,0.0152572,6.79945,Returning_Visitor,0,0
4,4,8,0.629675,0.686782,61.0622,Returning_Visitor,0,0
2,16,9,0.763132,0.6974,22.1433,Returning_Visitor,0,0
5,10,4,0.430001,0.463406,21.2131,Returning_Visitor,0,0
2,7,1,0.347141,0.0344207,11.3995,Returning_Visitor,0,0
0,8,3,0.285997,0.610803,49.2589,Returning_Visitor,1,1
4,5,9,0.896198,0.762397,35.5799,New_Visitor,0,0
0,8,4,0.980905,0.609235,0.199394,New_Visitor,0,0
1,17,1,0.850633,0.455127,93.4529,New_Visitor,1,0
1,4,6,0.184978,0.298985,11.2543,New_Visitor,0,0
2,3,4,0.501045,0.997364,6.66967,New_Visitor,1,0
5,18,7,0.382457,0.606989,20.2756,New_Visitor,1,0
2,2,0,0.584531,0.508032,67.7654,New_Visitor,1,0
0,5,10,0.546086,0.388885,70.5491,New_Visitor,0,0
4,5,2,0.520023,0.047249,116.084,Returning_Visitor,0,1
1,19,1,0.812365,0.793838,8.30418,Returning_Visitor,1,0
1,6,3,0.461122,0.176434,7.13853,New_Visitor,0,0
2,1,8,0.088495,0.372835,12.2099,Returning_Visitor,0,0
1,13,8,0.534341,0.177884,128.867,Returning_Visitor,1,1
5,1,5,0.231927,0.515697,293.198,New_Visitor,1,0
0,17,5,0.482268,0.822053,11.6373,Returning_Visitor,1,1
4,10,2,0.380887,0.482654,29.6039,Returning_Visitor,0,0
3,1,0,0.663141,0.556381,39.1703,New_Visitor,0,0
5,18,9,0.50732,0.83423,43.1422,New_Visitor,0,0
1,1,3,0.871562,0.99273,38.0876,New_Visitor,0,0
2,11,5,0.436994,0.634538,30.0195,New_Visitor,0,0
1,1,8,0.239215,0.593636,15.7364,New_Visitor,0,0
5,14,9,0.696869,0.670629,89.4033,Returning_Visitor,1,0
0,11,7,0.862621,0.137283,28.3464,Returning_Visitor,0,0
0,1,2,0.734575,0.322467,54.3048,Returning_Visitor,1,0
5,7,1,0.274769,0.581698,9.72692,Returning_Visitor,1,1
0,4,0,0.412286,0.84132,37.0298,New_Visitor,1,0
4,1,5,0.486806,0.868593,56.4768,Returning_Visitor,0,0
5,4,8,0.511506,0.499163,50.5378,Returning_Visitor,0,1
2,10,0,0.530852,0.42191,86.7556,Returning_Visitor,0,1
5,5,7,0.287506,0.024005,17.3501,Returning_Visitor,0,0
3,15,1,0.730342,0.84,17.9813,New_Visitor,1,0
3,5,8,0.161904,0.765457,60.6337,Returning_Visitor,0,1
4,8,3,0.832687,0.418291,30.0989,Returning_Visitor,1,0
1,15,9,0.9518,0.901658,19.3809,New_Visitor,0,0
3,14,1,0.82217,0.503548,17.2043,New_Visitor,1,0
1,16,7,0.463054,0.849062,43.3626,Returning_Visitor,0,0
5,9,9,0.439822,0.860642,23.7409,New_Visitor,1,0
3,13,10,0.255425,0.557698,19.5119,New_Visitor,1,0
0,6,3,0.843235,0.0382589,53.568,Returning_Visitor,0,0
2,11,7,0.311757,0.509079,47.6384,Returning_Visitor,0,0
2,11,10,0.0986691,0.56355,62.4337,Returning_Visitor,0,1
1,16,3,0.313747,0.706013,36.3748,Returning_Visitor,1,1
3,18,9,0.472962,0.558409,84.5115,Returning_Visitor,1,1
2,6,10,0.307681,0.419698,31.7469,Returning_Visitor,0,0
0,15,1,0.20507,0.577747,91.7366,Returning_Visitor,1,1
5,13,2,0.31706,0.573002,18.4893,Returning_Visitor,0,0
5,13,2,0.0589121,0.442142,42.7725,Returning_Visitor,0,1
1,9,3,0.900847,0.300629,19.6932,Returning_Visitor,1,0
0,15,2,0.516312,0.553022,26.8169,New_Visitor,0,0
1,16,5,0.44524,0.628604,3.4375,Returning_Visitor,0,0
3,6,10,0.0728225,0.990669,12.7411,Returning_Visitor,0,1
0,9,5,0.100306,0.85404,46.9085,New_Visitor,0,0
2,19,4,0.667358,0.250412,81.4571,Returning_Visitor,0,0
3,10,6,0.794473,0.416137,43.0111,New_Visitor,1,0
5,7,5,0.762732,0.150996,94.7499,Returning_Visitor,0,1
2,11,1,0.620466,0.530405,7.94866,Returning_Visitor,0,0
2,11,9,0.683616,0.757766,0.0797576,Returning_Visitor,0,0
3,17,7,0.480934,0.55208,62.2229,New_Visitor,0,0
2,7,6,0.683785,0.621263,13.5574,New_Visitor,0,0
2,0,9,0.309672,0.158629,65.5912,Returning_Visitor,0,0
3,19,5,0.332204,0.0281751,3.92724,Returning_Visitor,0,1
3,12,7,0.399154,0.348326,23.3559,Returning_Visitor,0,0
5,9,2,0.260142,0.756502,18.6842,Returning_Visitor,0,0
1,5,9,0.158018,0.234424,3.41507,Returning_Visitor,0,1
2,14,3,0.34357,0.629914,162.128,Returning_Visitor,0,0
3,3,9,0.293858,0.0619985,83.8648,New_Visitor,1,0
2,13,10,0.664005,0.354063,86.3057,Returning_Visitor,1,1
0,12,3,0.149991,0.791585,16.0224,Returning_Visitor,0,0
5,12,0,0.616698,0.731969,72.2492,New_Visitor,0,0
3,8,5,0.332797,0.260972,108.828,Returning_Visitor,0,0
1,6,0,0.32874,0.323992,53.8437,Returning_Visitor,1,0
3,19,4,0.865669,0.898757,33.5474,Returning_Visitor,0,1
4,5,1,0.814255,0.457449,63.1934,New_Visitor,0,0
2,5,7,0.890536,0.171314,104.2,New_Visitor,1,1
0,5,5,0.119381,0.467558,32.2689,Returning_Visitor,0,0
3,8,6,0.273968,0.733346,48.1298,Returning_Visitor,0,1
2,20,9,0.216499,0.727997,31.0324,Returning_Visitor,1,0
0,12,4,0.376158,0.19786,42.1348,Returning_Visitor,0,1
4,16,0,0.555715,0.80734,33.2116,Returning_Visitor,1,0
4,14,10,0.0702949,0.474049,8.45764,Returning_Visitor,0,0
5,19,7,0.43589,0.356163,19.5257,Returning_Visitor,0,1
0,10,4,0.901643,0.608409,32.9458,Returning_Visitor,0,0
0,6,7,0.261286,0.767314,160.866,Returning_Visitor,0,0
3,15,1,0.800812,0.893691,93.378,Returning_Visitor,0,1
3,17,10,0.31503,0.238013,0.391683,New_Visitor,0,0
5,7,3,0.423392,0.313607,7.72434,Returning_Visitor,0,1
2,11,0,0.47207,0.637958,108.014,Returning_Visitor,0,0
3,5,5,0.432714,0.0479155,6.34667,Returning_Visitor,1,0
5,4,7,0.00437949,0.608096,13.9077,New_Visitor,0,0
2,1,8,0.150634,0.109868,71.5113,New_Visitor,0,0
5,5,9,0.0776651,0.659863,6.05773,Returning_Visitor,0,0
5,19,3,0.343321,0.540252,8.11853,Returning_Visitor,0,0
5,0,2,0.97399,0.534061,82.1947,Returning_Visitor,0,0
3,19,5,0.00384192,0.412523,51.1559,Returning_Visitor,0,1
5,7,10,0.798298,0.597433,64.5301,Returning_Visitor,0,0
5,19,10,0.800423,0.582421,37.8779,Returning_Visitor,1,0
2,7,3,0.8039,0.930139,19.9054,Returning_Visitor,1,0
5,10,3,0.498333,0.462551,14.6352,Returning_Visitor,0,0
0,0,9,0.0446622,0.724848,112.542,Returning_Visitor,0,1
4,1,5,0.891967,0.379309,56.6693,Returning_Visitor,1,0
0,0,4,0.747318,0.787876,76.6732,New_Visitor,1,0
1,20,7,0.716933,0.832672,3.06143,Returning_Visitor,0,0
1,17,6,0.945081,0.0886351,73.8027,New_Visitor,0,0
2,12,2,0.658297,0.890967,23.2249,Returning_Visitor,0,0
5,19,6,0.26895,0.313422,6.0852,New_Visitor,0,0
2,0,4,0.920841,0.605979,42.241,New_Visitor,0,0
2,11,2,0.282092,0.166563,160.477,Returning_Visitor,1,1
2,16,6,0.00376648,0.21764,44.0481,Returning_Visitor,0,0
3,4,10,0.111838,0.522907,55.6866,Returning_Visitor,1,0
0,2,4,0.127421,0.576285,3.71649,Returning_Visitor,1,0
4,10,4,0.526283,0.264753,37.5147,Returning_Visitor,0,0
1,7,7,0.492517,0.168063,68.6949,Returning_Visitor,0,1
1,8,8,0.131532,0.205498,25.6342,Returning_Visitor,1,1
4,17,4,0.130925,0.942222,49.5949,New_Visitor,0,0
2,0,7,0.647078,0.50872,204.513,New_Visitor,0,0
2,15,5,0.383075,0.313438,94.4355,Returning_Visitor,0,0
1,18,7,0.360855,0.2975,6.72427,Returning_Visitor,0,1
0,18,2,0.76243,0.691699,18.7444,New_Visitor,0,0
5,0,1,0.914615,0.178314,50.4487,Returning_Visitor,0,0
2,16,9,0.909594,0.184159,17.1116,Returning_Visitor,0,0
3,9,10,0.0241132,0.163269,27.0721,Returning_Visitor,0,0
2,18,1,0.108686,0.902296,81.9187,New_Visitor,1,1
1,4,10,0.0508619,0.146214,53.6606,Returning_Visitor,0,0
5,13,5,0.00661953,0.182524,75.7237,Returning_Visitor,0,1
4,10,7,0.0918511,0.171728,52.7841,Returning_Visitor,1,0
1,1,7,0.4726,0.891048,65.2762,New_Visitor,0,0
1,12,10,0.390365,0.927274,124.67,Returning_Visitor,1,1
5,9,9,0.240942,0.775542,24.4172,Returning_Visitor,0,1
0,8,2,0.392104,0.265323,4.58232,Returning_Visitor,0,0
4,14,3,0.991217,0.505746,40.4408,Returning_Visitor,1,0
3,12,10,0.344681,0.0670084,55.0337,New_Visitor,0,0
5,2,9,0.680194,0.377012,108.412,Returning_Visitor,0,0
5,12,5,0.308054,0.330548,119.713,New_Visitor,0,0
2,9,9,0.0596554,0.356695,18.8559,New_Visitor,1,0
2,14,5,0.243359,0.138351,62.3351,Returning_Visitor,0,1
3,15,6,0.352022,0.00800823,9.41472,Returning_Visitor,0,0
0,1,2,0.125602,0.552737,313.291,Returning_Visitor,0,1
0,18,0,0.756589,0.0522398,98.9683,Returning_Visitor,1,0
4,11,9,0.443873,0.865209,4.49765,New_Visitor,0,0
0,10,8,0.561819,0.243805,45.5216,Returning_Visitor,0,0
1,14,8,0.884814,0.600283,9.59289,New_Visitor,0,0
3,7,8,0.183414,0.84062,15.307,Returning_Visitor,1,0
2,10,9,0.500195,0.515162,6.92499,Returning_Visitor,0,1
1,15,2,0.878324,0.914338,7.44612,Returning_Visitor,1,0
5,15,4,0.438708,0.87153,65.2025,Returning_Visitor,0,1
1,8,2,0.685541,0.576071,12.8954,New_Visitor,0,0
0,7,7,0.495094,0.140055,21.8961,Returning_Visitor,0,1
1,20,9,0.0335469,0.873074,4.85139,Returning_Visitor,0,0
3,8,0,0.000906962,0.141609,76.8915,New_Visitor,0,1
5,12,7,0.623149,0.4996,125.077,Returning_Visitor,0,1
1,15,7,0.0848042,0.312169,33.7155,Returning_Visitor,0,1
5,14,2,0.130458,0.00675114,52.0499,New_Visitor,1,1
2,5,6,0.0711031,0.712518,30.8696,Returning_Visitor,1,0
3,12,4,0.839765,0.443067,17.3398,New_Visitor,0,0
1,9,5,0.93095,0.150482,14.6872,Returning_Visitor,0,0
0,11,4,0.203244,0.201352,166.04,New_Visitor,0,0
4,20,6,0.702379,0.180713,3.8505,Returning_Visitor,0,0
4,11,4,0.598992,0.750065,26.364,New_Visitor,1,0
1,19,1,0.946501,0.534591,0.18078,New_Visitor,0,0
3,2,8,0.914444,0.804022,56.5691,New_Visitor,1,0
3,2,10,0.413396,0.108168,42.9658,Returning_Visitor,0,0
5,6,0,0.902038,0.157061,38.0336,Returning_Visitor,0,0
4,15,3,0.833681,0.229256,10.4709,New_Visitor,0,0
5,11,3,0.793381,0.75247,76.0157,New_Visitor,0,0
4,10,2,0.691804,0.477781,57.9152,New_Visitor,1,0
5,0,5,0.518714,0.828336,83.7181,Returning_Visitor,0,0
5,5,5,0.436328,0.448631,127.558,Returning_Visitor,0,1
4,19,5,0.772011,0.611486,43.4612,Returning_Visitor,0,0
4,11,4,0.915133,0.623148,101.231,Returning_Visitor,1,1
2,5,2,0.138662,0.3866,6.3173,Returning_Visitor,0,0
0,2,9,0.732022,0.177918,16.4592,Returning_Visitor,0,0
3,11,7,0.833021,0.187067,55.4464,New_Visitor,0,0
3,18,2,0.26784,0.173679,18.0024,Returning_Visitor,0,1
2,18,10,0.474825,0.260063,111.229,Returning_Visitor,0,1
1,6,5,0.710902,0.850252,0.672621,Returning_Visitor,0,0
3,5,2,0.185144,0.155282,4.58715,Returning_Visitor,0,0
5,13,6,0.0974694,0.912669,4.25603,Returning_Visitor,0,0
4,18,3,0.00759381,0.469645,11.4665,New_Visitor,1,0
2,2,2,0.317041,0.493214,19.7693,New_Visitor,0,0
1,20,10,0.882831,0.100845,81.9604,New_Visitor,0,0
5,3,7,0.420545,0.120861,45.0747,Returning_Visitor,1,1
0,1,5,0.541455,0.0421593,79.174,Returning_Visitor,0,0
3,4,1,0.432805,0.024836,39.2407,New_Visitor,0,0
5,1,9,0.597184,0.549409,51.5558,Returning_Visitor,1,1
0,11,9,0.877801,0.119768,237.826,Returning_Visitor,0,0
2,13,5,0.0959345,0.796294,64.9277,Returning_Visitor,1,1
3,15,6,0.157681,0.766662,28.5456,Returning_Visitor,1,0
4,10,6,0.421647,0.0781506,12.6977,Returning_Visitor,0,1
4,10,9,0.184614,0.799008,129.342,Returning_Visitor,0,1
3,9,7,0.784479,0.413187,19.9,Returning_Visitor,0,1
0,3,8,0.0352094,0.837544,72.0997,New_Visitor,1,0
3,1,2,0.952474,0.680626,110.338,Returning_Visitor,0,1
5,18,7,0.0466628,0.123044,1.04372,New_Visitor,1,0
2,16,4,0.393099,0.865782,53.2777,Returning_Visitor,1,1
2,17,2,0.550927,0.335164,43.8286,New_Visitor,1,0
2,3,0,0.88894,0.344411,70.3595,Returning_Visitor,1,1
3,7,7,0.483169,0.567131,7.24381,New_Visitor,0,0
3,20,3,0.843911,0.143626,18.5454,Returning_Visitor,0,0
0,11,9,0.429817,0.28237,15.904,Returning_Visitor,0,1
5,9,2,0.667893,0.522058,51.441,Returning_Visitor,1,1
3,0,3,0.304753,0.480798,175.119,Returning_Visitor,0,1
0,5,9,0.311231,0.332503,58.184,Returning_Visitor,0,1
5,16,2,0.954685,0.361081,140.631,Returning_Visitor,1,1
2,16,3,0.447427,0.899507,17.2745,Returning_Visitor,0,0
0,20,10,0.370387,0.290984,11.602,Returning_Visitor,1,1
3,2,0,0.472385,0.497255,16.903,Returning_Visitor,0,0
2,9,7,0.5789,0.820491,53.2782,Returning_Visitor,0,0
4,10,9,0.654331,0.608611,54.275,Returning_Visitor,0,1
4,9,2,0.531323,0.991797,130.633,Returning_Visitor,0,0
1,1,9,0.413354,0.954075,91.5832,Returning_Visitor,0,1
5,7,10,0.163553,0.530293,46.2425,Returning_Visitor,0,1
4,12,5,0.871271,0.496849,20.1877,Returning_Visitor,1,0
0,14,9,0.931715,0.426022,22.4919,New_Visitor,0,0
4,20,1,0.124463,0.101391,72.7414,Returning_Visitor,1,1
0,0,1,0.10037,0.156653,31.0759,New_Visitor,1,0
4,19,6,0.597043,0.909854,25.1258,Returning_Visitor,1,1
4,7,6,0.440059,0.6044,4.74896,Returning_Visitor,0,1
5,12,1,0.592491,0.594397,136.356,Returning_Visitor,0,1
3,10,1,0.261999,0.680821,135.313,Returning_Visitor,0,1
2,12,7,0.761629,0.365538,108.81,Returning_Visitor,0,0
0,6,0,0.808546,0.265278,22.5595,Returning_Visitor,0,0
0,19,10,0.0968708,0.562864,34.3962,Returning_Visitor,0,0
1,9,6,0.602954,0.900552,36.1497,New_Visitor,0,0
5,10,1,0.232691,0.92604,13.8816,Returning_Visitor,0,0
2,8,10,0.0562224,0.299416,52.785,Returning_Visitor,1,0
5,6,8,0.660941,0.733095,1.54664,Returning_Visitor,0,1
2,18,3,0.874895,0.846464,32.5562,Returning_Visitor,0,0
0,8,10,0.210508,0.374617,29.2916,Returning_Visitor,1,1
5,14,10,0.671486,0.2365,1.02515,Returning_Visitor,1,1
2,10,3,0.642546,0.926495,2.63129,Returning_Visitor,0,0
2,13,7,0.409461,0.217392,0.278987,Returning_Visitor,1,0
0,3,8,0.379844,0.658823,57.3146,Returning_Visitor,0,1
3,14,4,0.704124,0.757251,24.5452,Returning_Visitor,0,0
4,19,2,0.0160439,0.0605608,27.7348,Returning_Visitor,0,1
2,17,1,0.509916,0.762701,91.1483,New_Visitor,0,0
0,3,2,0.153603,0.779888,5.82624,Returning_Visitor,0,0
3,8,10,0.36989,0.292719,4.43641,Returning_Visitor,0,1
0,14,3,0.780394,0.858638,67.8712,Returning_Visitor,1,0
0,19,0,0.417066,0.659777,35.5122,Returning_Visitor,0,0
5,3,10,0.0730909,0.136408,32.2702,Returning_Visitor,1,0
4,3,9,0.206126,0.13448,16.6288,Returning_Visitor,0,0
5,3,2,0.160424,0.545508,207.367,Returning_Visitor,0,1
5,14,1,0.169036,0.619088,22.026,Returning_Visitor,0,0
0,5,8,0.108984,0.0291215,41.048,Returning_Visitor,1,1
0,20,2,0.257968,0.967083,9.15196,Returning_Visitor,0,0
4,18,10,0.716631,0.510784,20.4225,New_Visitor,0,0
5,15,0,0.459865,0.425244,27.8414,New_Visitor,0,0
3,17,4,0.102763,0.767437,13.0085,Returning_Visitor,1,1
5,14,7,0.798082,0.60642,8.25282,Returning_Visitor,0,0
1,20,1,0.150306,0.902159,240.519,Returning_Visitor,0,1
5,20,4,0.820543,0.602709,33.3017,New_Visitor,0,0
1,18,4,0.833277,0.342766,39.2884,New_Visitor,0,0
3,13,4,0.68468,0.976869,23.0414,Returning_Visitor,0,0
3,9,3,0.1819,0.995399,28.9038,New_Visitor,0,0
2,8,0,0.351352,0.595086,36.5136,Returning_Visitor,0,0
1,0,7,0.168501,0.0680696,43.3314,Returning_Visitor,0,0
2,4,0,0.128053,0.968412,16.0684,Returning_Visitor,1,0
2,19,10,0.774103,0.267109,64.4019,Returning_Visitor,0,1
1,20,10,0.727404,0.47925,1.87482,Returning_Visitor,0,1
3,18,6,0.942096,0.108617,44.1552,Returning_Visitor,0,0
0,6,3,0.411667,0.968508,0.497281,Returning_Visitor,0,0
0,13,0,0.970797,0.109857,16.4171,Returning_Visitor,1,1
1,2,8,0.582477,0.68458,39.0781,Returning_Visitor,1,1
5,16,3,0.920707,0.0602281,4.14019,New_Visitor,1,0
2,18,9,0.628076,0.131629,5.95767,New_Visitor,1,0
4,6,6,0.429417,0.927128,154.316,Returning_Visitor,0,0
1,13,0,0.330278,0.0632011,20.0707,Returning_Visitor,0,1
3,3,7,0.149038,0.847623,33.6334,New_Visitor,0,0
4,16,6,0.315614,0.785665,16.5081,New_Visitor,1,0
0,11,8,0.913275,0.225507,15.316,New_Visitor,1,0
2,6,6,0.867286,0.56098,31.5796,Returning_Visitor,0,0
3,5,3,0.403948,0.953048,15.6993,Returning_Visitor,0,0
5,10,8,0.0807811,0.697883,62.9242,New_Visitor,1,0
1,9,10,0.293373,0.787342,2.59588,New_Visitor,1,0
0,20,6,0.108782,0.580916,61.2758,New_Visitor,0,0
3,14,1,0.893264,0.0602592,13.9466,Returning_Visitor,1,0
0,13,5,0.784751,0.166352,19.1868,New_Visitor,0,0
1,13,1,0.239517,0.320179,28.272,Returning_Visitor,0,0
4,17,7,0.423364,0.157291,57.7129,Returning_Visitor,1,1
1,20,4,0.314412,0.482978,29.3927,Returning_Visitor,0,1
0,18,10,0.101517,0.112328,16.1017,New_Visitor,0,0
2,12,0,0.5928,0.522536,1.63426,Returning_Visitor,0,0
5,4,0,0.878098,0.864389,75.2989,Returning_Visitor,1,1
2,3,4,0.328461,0.29454,26.4322,New_Visitor,1,0
0,19,5,0.125455,0.187076,2.63142,New_Visitor,0,0
2,14,3,0.601606,0.600464,22.8298,Returning_Visitor,0,1
3,8,10,0.618778,0.507766,42.6831,Returning_Visitor,1,0
5,10,2,0.215157,0.544808,4.35656,Returning_Visitor,0,0
2,4,9,0.476634,0.898468,78.6339,New_Visitor,1,0
3,10,2,0.250602,0.814573,41.8119,Returning_Visitor,0,0
5,17,1,0.223734,0.0803213,6.18061,New_Visitor,0,0
1,4,9,0.910837,0.408482,33.7055,Returning_Visitor,0,0
1,5,5,0.689515,0.0764535,24.6295,Returning_Visitor,0,0
3,8,10,0.931513,0.314021,44.3549,Returning_Visitor,1,0
5,9,5,0.942178,0.642373,16.5726,Returning_Visitor,0,0
0,9,1,0.579186,0.738772,90.2803,Returning_Visitor,0,1
3,19,0,0.78136,0.964804,34.9986,Returning_Visitor,0,0
0,13,8,0.779032,0.830893,76.7941,Returning_Visitor,0,1
0,17,3,0.731117,0.845474,9.52842,New_Visitor,0,0
0,5,1,0.557443,0.550609,0.707464,New_Visitor,1,0
5,6,1,0.57872,0.807464,1.95464,Returning_Visitor,1,0
4,13,2,0.345134,0.711148,12.3894,Returning_Visitor,1,0
4,11,0,0.803162,0.271012,21.301,Returning_Visitor,0,0
3,20,0,0.22994,0.0582528,69.1495,Returning_Visitor,0,1
5,8,2,0.0040694,0.773026,36.1778,Returning_Visitor,0,1
0,16,6,0.35996,0.480595,8.54617,New_Visitor,1,0
5,9,4,0.925411,0.527604,23.1446,New_Visitor,1,0
3,0,6,0.760727,0.359247,4.39903,Returning_Visitor,0,0
5,0,1,0.462893,0.508682,199.26,Returning_Visitor,1,1
1,14,10,0.62317,0.868143,70.4133,Returning_Visitor,1,0
5,11,6,0.952012,0.376738,22.3633,Returning_Visitor,1,0
2,16,7,0.493742,0.759831,43.0968,Returning_Visitor,0,0
4,17,8,0.212465,0.102232,33.842,New_Visitor,0,0
1,18,1,0.01766,0.882909,55.1477,Returning_Visitor,0,0
5,5,7,0.0359604,0.532057,27.4721,Returning_Visitor,0,0
5,11,0,0.792707,0.416336,72.421,Returning_Visitor,0,0
3,1,7,0.438877,0.258265,3.06846,Returning_Visitor,0,1
4,4,5,0.643449,0.100141,15.5789,Returning_Visitor,1,0
1,16,0,0.0684542,0.66041,80.5172,New_Visitor,0,0
0,5,5,0.207608,0.326532,99.7788,Returning_Visitor,1,0
3,6,2,0.468898,0.109068,26.348,Returning_Visitor,0,0
2,15,1,0.820598,0.784624,15.1958,Returning_Visitor,0,0
4,13,8,0.601261,0.528842,32.0753,Returning_Visitor,1,0
3,8,3,0.379127,0.39748,5.86959,Returning_Visitor,1,1
1,18,4,0.764438,0.69847,13.8135,Returning_Visitor,0,1
1,6,2,0.720829,0.923753,15.788,Returning_Visitor,0,0
5,20,9,0.82887,0.487148,68.8614,Returning_Visitor,0,1
3,4,9,0.0220901,0.172323,206.613,Returning_Visitor,0,1
4,10,4,0.276533,0.518295,36.1926,Returning_Visitor,0,1
5,20,0,0.0458863,0.925143,4.09909,Returning_Visitor,0,0
5,5,8,0.4975,0.601985,73.4888,Returning_Visitor,1,0
2,4,3,0.788873,0.614043,16.3526,Returning_Visitor,0,0
5,15,2,0.880581,0.589913,25.506,New_Visitor,0,0
0,13,3,0.0277364,0.28627,56.0995,Returning_Visitor,1,1
1,15,4,0.196219,0.0643698,17.1378,Returning_Visitor,0,1
1,15,2,0.656233,0.654127,49.4026,Returning_Visitor,0,0
5,16,1,0.634603,0.83454,69.1138,New_Visitor,0,0
