Administrative,Product,Information,BounceRate,ExitRate,PageValue,VisitorType,Weekend,Purchase
4,15,8,0.271054,0.0165735,51.5124,Returning_Visitor,1,1
4,18,8,0.819784,0.544674,39.5765,New_Visitor,0,1
0,6,7,0.505475,0.327498,14.6968,Returning_Visitor,0,1
5,5,0,0.519907,0.668111,105.492,Returning_Visitor,0,1
0,16,3,0.337967,0.446037,119.898,Returning_Visitor,1,1
4,10,4,0.725639,0.340262,22.5685,Returning_Visitor,0,1
5,13,10,0.35594,0.509245,17.2103,New_Visitor,0,1
0,9,9,0.142088,0.110728,55.1676,Returning_Visitor,0,0
0,18,2,0.504464,0.784976,87.1345,Returning_Visitor,0,1
1,3,7,0.856133,0.109821,17.1091,New_Visitor,0,1
1,7,7,0.594297,0.948708,85.7855,Returning_Visitor,0,1
0,15,4,0.560511,0.865162,55.7904,Returning_Visitor,0,1
1,18,8,0.861094,0.821408,155.776,New_Visitor,0,1
5,8,7,0.803122,0.554373,19.797,New_Visitor,0,1
2,10,8,0.179556,0.784239,56.2597,Returning_Visitor,0,1
0,1,3,0.107525,0.0761814,58.7141,Returning_Visitor,0,1
1,20,6,0.0486413,0.209991,55.8421,Returning_Visitor,0,1
5,3,3,0.00150788,0.269409,18.0279,New_Visitor,1,1
4,18,2,0.564117,0.640375,14.1826,Returning_Visitor,0,1
5,1,2,0.685599,0.145702,34.3925,New_Visitor,0,0
5,18,1,0.978637,0.954237,95.6866,New_Visitor,0,1
4,13,2,0.681475,0.304134,26.0994,Returning_Visitor,0,1
0,15,6,0.131345,0.785628,25.9493,Returning_Visitor,1,1
0,12,9,0.779938,0.0589559,1.26871,Returning_Visitor,1,1
4,13,9,0.903886,0.0277522,43.1005,Returning_Visitor,1,1
4,14,3,0.690248,0.311409,8.02747,Returning_Visitor,1,1
0,3,3,0.510904,0.404867,89.9139,Returning_Visitor,0,1
2,0,3,0.688128,0.957647,68.135,Returning_Visitor,0,0
0,19,5,0.270179,0.770325,66.5541,New_Visitor,0,1
4,3,0,0.592171,0.728135,1.25347,New_Visitor,1,0
1,17,2,0.756782,0.717491,36.9125,New_Visitor,1,1
5,16,0,0.499377,0.0490929,6.81603,New_Visitor,0,1
0,3,1,0.699667,0.270744,276.084,Returning_Visitor,0,1
1,16,2,0.0660801,0.113369,41.38,Returning_Visitor,0,1
1,6,6,0.285205,0.990437,39.5772,New_Visitor,0,1
1,6,1,0.227832,0.468288,3.75942,Returning_Visitor,1,1
3,5,8,0.943687,0.471959,60.5254,Returning_Visitor,0,1
5,8,10,0.30036,0.926727,19.197,Returning_Visitor,0,1
0,16,2,0.500818,0.817092,1.86888,Returning_Visitor,0,1
4,19,3,0.367552,0.43842,41.5576,Returning_Visitor,0,1
0,4,1,0.865296,0.0768973,142.092,Returning_Visitor,0,1
2,12,4,0.764415,0.203528,25.9054,Returning_Visitor,0,1
0,20,6,0.909913,0.0140066,24.4074,New_Visitor,0,1
3,11,1,0.0492821,0.976728,13.7802,New_Visitor,0,1
2,19,8,0.535386,0.355917,19.5352,Returning_Visitor,1,1
1,3,0,0.308141,0.383245,76.2916,Returning_Visitor,0,1
1,12,1,0.0935578,0.690395,36.8661,Returning_Visitor,1,1
0,11,9,0.400096,0.812891,16.426,New_Visitor,0,1
5,13,9,0.205207,0.828317,44.3483,Returning_Visitor,0,1
4,2,5,0.388458,0.0752759,26.0357,Returning_Visitor,0,0
3,5,7,0.409428,0.31378,65.0629,New_Visitor,0,1
2,2,10,0.858534,0.568804,139.686,Returning_Visitor,1,1
3,14,6,0.0476775,0.669579,4.41221,New_Visitor,1,1
3,11,8,0.0759298,0.403194,11.5423,Returning_Visitor,0,1
3,11,0,0.308681,0.441461,72.9435,Returning_Visitor,1,1
0,11,0,0.586468,0.575886,10.2091,Returning_Visitor,1,0
0,1,7,0.241095,0.826498,19.3102,Returning_Visitor,0,1
0,12,4,0.24269,0.325917,118.643,Returning_Visitor,1,1
1,1,7,0.300758,0.681811,54.4914,New_Visitor,1,0
1,1,2,0.114185,0.986174,0.941231,Returning_Visitor,1,1
3,12,10,0.367575,0.653377,68.599,Returning_Visitor,0,1
4,11,10,0.310654,0.741656,11.7269,Returning_Visitor,0,1
2,13,9,0.536138,0.185845,87.6198,Returning_Visitor,1,1
3,14,7,0.323855,0.337678,19.9483,Returning_Visitor,1,1
0,13,0,0.208659,0.899846,2.61088,New_Visitor,0,1
2,11,10,0.751237,0.973916,68.7279,Returning_Visitor,1,1
5,8,7,0.852077,0.161409,100.695,Returning_Visitor,0,1
0,5,1,0.0602626,0.9826,10.4082,Returning_Visitor,0,0
3,0,1,0.504924,0.0283835,17.7466,Returning_Visitor,0,0
5,8,10,0.376881,0.803192,9.24675,Returning_Visitor,0,1
2,15,8,0.222009,0.352239,2.12975,New_Visitor,0,1
5,7,1,0.846927,0.31165,129.381,Returning_Visitor,0,1
3,9,5,0.139708,0.180424,9.03795,Returning_Visitor,0,1
4,15,6,0.438806,0.702952,2.57512,Returning_Visitor,0,1
5,7,0,0.429934,0.0225942,15.7362,Returning_Visitor,0,1
5,20,8,0.963203,0.867717,18.3323,Returning_Visitor,0,0
5,3,3,0.513187,0.49332,18.7354,Returning_Visitor,0,1
2,15,9,0.932666,0.699364,37.0358,Returning_Visitor,1,1
5,1,3,0.33312,0.61311,42.4271,New_Visitor,0,1
3,16,1,0.482768,0.716824,22.8457,Returning_Visitor,0,1
5,7,5,0.0560291,0.777707,210.75,New_Visitor,0,1
5,1,3,0.72817,0.234806,18.0182,Returning_Visitor,1,1
3,2,8,0.0669162,0.452192,31.3814,New_Visitor,0,1
5,7,1,0.728341,0.70084,71.5688,Returning_Visitor,0,1
5,14,6,0.212596,0.885633,36.379,Returning_Visitor,1,1
4,14,8,0.39743,0.532783,7.2443,Returning_Visitor,0,1
5,11,7,0.629341,0.432749,19.4123,Returning_Visitor,1,1
0,13,10,0.852815,0.773459,16.9218,New_Visitor,0,1
4,11,8,0.223723,0.283482,57.4235,Returning_Visitor,0,1
1,4,1,0.28206,0.768298,46.7281,New_Visitor,0,0
0,12,3,0.417973,0.181416,1.2725,Returning_Visitor,0,1
3,9,2,0.376363,0.871697,92.0237,Returning_Visitor,0,1
1,6,9,0.407621,0.827603,9.53111,Returning_Visitor,0,1
4,3,9,0.804181,0.644111,17.9892,New_Visitor,0,0
4,3,2,0.752821,0.256434,28.5463,Returning_Visitor,1,0
1,14,6,0.373321,0.172693,253.941,New_Visitor,1,1
5,2,0,0.495438,0.933005,71.2089,Returning_Visitor,0,1
1,11,1,0.235933,0.470046,77.3741,New_Visitor,0,1
5,18,3,0.464622,0.437312,96.9928,Returning_Visitor,0,1
5,15,2,0.638048,0.430602,32.9859,Returning_Visitor,0,1
0,19,3,0.754283,0.760343,62.4316,New_Visitor,0,1
2,17,3,0.706001,0.772031,81.0471,New_Visitor,0,1
4,14,10,0.674502,0.137733,164.514,New_Visitor,0,1
5,2,1,0.898631,0.837479,11.9164,Returning_Visitor,1,1
3,18,3,0.124436,0.195115,170.657,Returning_Visitor,0,1
1,9,0,0.291975,0.356387,13.1303,Returning_Visitor,1,1
5,14,9,0.545493,0.614564,43.9433,Returning_Visitor,0,1
2,6,3,0.495772,0.145691,44.3409,New_Visitor,0,1
5,19,5,0.131721,0.762567,6.42841,Returning_Visitor,0,1
1,11,9,0.223592,0.462017,48.3246,New_Visitor,0,1
5,12,5,0.936034,0.197837,8.7331,Returning_Visitor,1,1
2,17,4,0.965982,0.149207,127.235,Returning_Visitor,0,1
1,3,1,0.173202,0.879809,45.8252,Returning_Visitor,0,0
2,14,2,0.507833,0.998695,53.2898,Returning_Visitor,0,0
0,16,3,0.237468,0.920454,46.0057,Returning_Visitor,0,1
2,9,7,0.522743,0.601903,0.226488,Returning_Visitor,0,1
4,10,1,0.0310437,0.572476,47.0651,Returning_Visitor,1,1
1,20,1,0.330454,0.26908,11.7409,Returning_Visitor,0,1
4,11,8,0.560749,0.165337,28.1317,Returning_Visitor,0,1
1,4,2,0.571509,0.739403,20.7727,Returning_Visitor,0,1
3,4,4,0.66969,0.823773,30.6512,Returning_Visitor,0,0
1,16,0,0.432906,0.264353,12.6756,New_Visitor,1,1
4,6,5,0.534398,0.540632,87.4836,Returning_Visitor,0,1
2,9,1,0.0415459,0.726775,39.3419,New_Visitor,0,1
1,15,1,0.849032,0.491515,46.4817,Returning_Visitor,0,1
1,7,6,0.273762,0.502587,35.774,Returning_Visitor,1,1
2,5,6,0.797771,0.392154,68.0793,New_Visitor,0,0
1,6,4,0.0623651,0.108263,3.92489,Returning_Visitor,0,1
2,9,7,0.51981,0.866995,3.06447,Returning_Visitor,0,1
1,7,5,0.101658,0.219578,49.5149,Returning_Visitor,0,1
2,4,4,0.545079,0.819869,84.9622,New_Visitor,0,1
3,11,2,0.219758,0.217411,56.9956,Returning_Visitor,0,1
0,18,1,0.419144,0.818084,32.9227,Returning_Visitor,1,1
0,0,9,0.476359,0.0652418,85.3815,Returning_Visitor,0,1
0,2,0,0.979383,0.234885,8.68845,Returning_Visitor,0,0
0,16,4,0.260203,0.753798,102.932,Returning_Visitor,0,1
0,12,2,0.509703,0.454758,63.8084,New_Visitor,0,1
4,18,3,0.0717897,0.568834,23.426,New_Visitor,0,1
3,6,8,0.809432,0.348324,85.5589,New_Visitor,0,0
5,5,5,0.352861,0.448276,78.0464,New_Visitor,0,1
0,19,5,0.458665,0.398195,19.2281,Returning_Visitor,0,1
2,7,6,0.720592,0.302246,3.56021,Returning_Visitor,1,1
3,19,8,0.194089,0.267069,122.143,Returning_Visitor,0,1
3,11,9,0.790689,0.468949,31.3017,Returning_Visitor,0,1
1,8,0,0.954601,0.0320282,69.0706,Returning_Visitor,1,1
5,8,4,0.345423,0.981251,25.1066,New_Visitor,1,1
0,12,3,0.0692515,0.958431,0.3889,Returning_Visitor,0,1
3,18,4,0.372439,0.713595,244.973,New_Visitor,0,1
4,10,2,0.83924,0.564324,0.198149,Returning_Visitor,0,1
5,12,9,0.355708,0.967496,23.4567,Returning_Visitor,0,1
0,10,3,0.13678,0.727517,3.09678,Returning_Visitor,1,1
2,0,1,0.275192,0.966265,51.999,Returning_Visitor,0,0
2,9,4,0.176528,0.473985,6.59662,Returning_Visitor,1,1
0,20,1,0.344281,0.71393,73.0836,Returning_Visitor,1,1
4,11,9,0.52046,0.17498,28.4745,Returning_Visitor,0,1
3,1,7,0.539473,0.845869,56.494,New_Visitor,0,1
1,11,3,0.859046,0.0462228,0.660596,Returning_Visitor,0,1
0,9,9,0.295998,0.154939,14.2329,Returning_Visitor,1,1
0,20,9,0.00588063,0.32811,68.3079,Returning_Visitor,1,1
3,2,2,0.799924,0.407529,79.0023,Returning_Visitor,0,1
5,9,3,0.530909,0.566348,13.5986,New_Visitor,0,1
2,5,0,0.33495,0.548228,11.1672,Returning_Visitor,1,1
1,20,2,0.146513,0.217596,52.1989,Returning_Visitor,0,1
3,2,2,0.421667,0.282844,20.5263,New_Visitor,0,0
3,19,5,0.995768,0.157788,9.84404,Returning_Visitor,1,1
4,10,6,0.91209,0.474709,20.6734,Returning_Visitor,0,1
3,0,0,0.95694,0.586718,76.9871,Returning_Visitor,0,0
5,15,8,0.668917,0.327006,104.217,Returning_Visitor,0,1
2,12,1,0.99961,0.422551,28.241,Returning_Visitor,0,1
1,1,3,0.236497,0.390801,33.6531,Returning_Visitor,0,1
1,11,5,0.132766,0.935567,33.0316,New_Visitor,1,1
3,17,6,0.0759114,0.6529,23.2597,Returning_Visitor,0,1
5,17,7,0.996744,0.842716,124.029,Returning_Visitor,1,1
3,7,0,0.934892,0.571621,8.37818,Returning_Visitor,0,0
1,0,10,0.509977,0.462721,5.35396,New_Visitor,0,1
0,17,5,0.175502,0.119473,44.1594,Returning_Visitor,0,1
5,2,1,0.828526,0.790593,5.64728,New_Visitor,0,0
1,5,2,0.303684,0.0738981,0.721298,Returning_Visitor,1,1
3,12,2,0.904564,0.306962,79.954,Returning_Visitor,0,1
2,12,5,0.33951,0.210879,10.8874,New_Visitor,0,1
3,13,2,0.638265,0.873574,57.9611,Returning_Visitor,0,1
5,15,7,0.166994,0.899886,6.07939,Returning_Visitor,1,0
5,11,8,0.917494,0.0713835,20.8517,Returning_Visitor,0,0
3,14,8,0.574451,0.71569,121.152,Returning_Visitor,1,1
0,10,6,0.909764,0.529546,64.6795,Returning_Visitor,0,0
5,19,1,0.455953,0.321264,1.80112,Returning_Visitor,0,1
0,13,0,0.642825,0.147765,36.2038,Returning_Visitor,1,1
4,1,0,0.365916,0.780054,95.7228,Returning_Visitor,1,1
5,16,10,0.628915,0.982327,38.183,Returning_Visitor,0,1
2,11,5,0.84147,0.303737,4.52974,New_Visitor,1,1
3,11,3,0.440763,0.192713,21.9504,New_Visitor,1,1
2,11,3,0.35375,0.928877,31.795,Returning_Visitor,0,1
0,17,2,0.902876,0.882882,35.5602,New_Visitor,0,1
1,12,0,0.726206,0.300349,35.9523,Returning_Visitor,0,1
3,18,7,0.439567,0.976918,141.471,Returning_Visitor,0,1
3,17,0,0.496584,0.592922,5.13548,Returning_Visitor,1,1
5,18,9,0.836509,0.0609873,18.0693,Returning_Visitor,0,1
0,10,5,0.129525,0.987855,42.5278,Returning_Visitor,1,1
0,1,9,0.0858887,0.930143,61.1536,Returning_Visitor,0,1
0,5,6,0.727414,0.742796,14.3486,Returning_Visitor,1,1
3,12,6,0.933138,0.111021,157.157,Returning_Visitor,0,1
3,14,4,0.171815,0.0641717,12.7279,New_Visitor,0,1
2,12,5,0.30334,0.206318,61.94,Returning_Visitor,0,1
4,11,3,0.465598,0.151133,119.366,Returning_Visitor,0,1
0,2,6,0.291012,0.857745,23.2097,Returning_Visitor,0,1
1,7,0,0.330028,0.281633,42.3345,Returning_Visitor,0,1
0,10,4,0.958592,0.783444,5.02307,New_Visitor,0,1
4,2,4,0.623805,0.318938,10.5908,Returning_Visitor,0,1
0,2,2,0.44688,0.616243,137.295,Returning_Visitor,0,1
2,18,3,0.303419,0.178782,6.83081,Returning_Visitor,0,0
5,6,0,0.130409,0.786918,14.9402,Returning_Visitor,0,1
1,6,0,0.595383,0.524051,47.7178,New_Visitor,0,1
4,7,6,0.0414382,0.454207,58.5765,Returning_Visitor,1,1
2,12,4,0.934749,0.273211,30.4334,Returning_Visitor,0,1
5,17,10,0.74446,0.537398,18.965,Returning_Visitor,0,1
5,10,8,0.446047,0.86433,31.6931,New_Visitor,0,1
4,10,2,0.447955,0.238805,21.6888,Returning_Visitor,0,1
4,17,2,0.18603,0.405243,125.121,Returning_Visitor,0,1
0,3,0,0.322741,0.536648,55.0392,New_Visitor,0,0
3,4,0,0.959269,0.755671,85.4013,Returning_Visitor,0,0
1,19,3,0.670182,0.146401,62.0491,Returning_Visitor,1,1
5,7,7,0.0570148,0.6058,23.9268,Returning_Visitor,0,1
0,14,0,0.0390283,0.0224689,50.4388,Returning_Visitor,0,1
5,17,10,0.325788,0.0336316,1.82089,Returning_Visitor,1,1
0,13,7,0.530202,0.767597,11.3888,New_Visitor,1,1
3,14,0,0.261245,0.0831097,6.05345,Returning_Visitor,0,1
2,5,3,0.245063,0.17647,20.4849,Returning_Visitor,0,1
1,9,2,0.284933,0.255436,4.14629,Returning_Visitor,0,1
2,11,7,0.24109,0.263326,19.8341,Returning_Visitor,0,1
0,4,4,0.357622,0.03775,28.2394,Returning_Visitor,0,1
4,13,7,0.206183,0.579188,3.02874,New_Visitor,1,1
4,15,7,0.778418,0.4681,26.8147,Returning_Visitor,1,1
5,1,8,0.798356,0.430992,0.518728,Returning_Visitor,0,0
5,11,7,0.907508,0.24253,15.8762,Returning_Visitor,0,1
3,7,7,0.471534,0.576673,13.152,Returning_Visitor,1,1
1,2,10,0.275343,0.524647,45.0194,Returning_Visitor,0,0
0,17,7,0.350918,0.143634,50.5651,Returning_Visitor,1,1
4,14,0,0.915726,0.403737,27.1504,New_Visitor,0,1
4,16,7,0.769214,0.394626,52.9862,Returning_Visitor,0,1
5,18,1,0.087696,0.865115,26.9274,Returning_Visitor,0,1
0,11,4,0.309082,0.115233,139.127,New_Visitor,0,1
2,13,2,0.771581,0.227925,52.9089,Returning_Visitor,0,1
4,10,10,0.93765,0.749865,42.2726,Returning_Visitor,1,1
1,20,5,0.954389,0.366028,45.0547,Returning_Visitor,1,1
4,19,3,0.54817,0.212534,6.20039,New_Visitor,0,0
0,4,7,0.850322,0.0803383,19.0426,Returning_Visitor,0,1
3,8,4,0.497139,0.649023,173.493,New_Visitor,0,1
3,6,6,0.578232,0.492535,67.6288,Returning_Visitor,1,1
4,13,2,0.468059,0.344926,68.6724,Returning_Visitor,0,1
3,16,5,0.353498,0.764215,115.201,Returning_Visitor,0,1
0,7,1,0.956908,0.415432,4.76454,New_Visitor,0,0
0,10,8,0.649183,0.81667,3.33783,Returning_Visitor,0,1
0,13,10,0.647152,0.0818708,1.63683,New_Visitor,1,1
5,2,9,0.773126,0.220192,122.739,Returning_Visitor,0,1
2,16,6,0.827237,0.599069,11.0331,Returning_Visitor,0,1
1,8,3,0.259622,0.288222,57.2098,Returning_Visitor,0,1
3,8,9,0.788368,0.373393,7.26795,Returning_Visitor,0,1
4,4,9,0.893681,0.113945,17.4945,Returning_Visitor,0,1
4,5,2,0.660405,0.315499,6.63661,Returning_Visitor,0,0
1,3,9,0.833406,0.908963,214.639,Returning_Visitor,0,1
3,3,6,0.371891,0.665785,14.2808,Returning_Visitor,1,1
4,1,0,0.313204,0.354132,38.6766,New_Visitor,0,0
4,0,10,0.0822848,0.770797,7.25858,New_Visitor,0,0
5,11,7,0.296028,0.164372,89.8734,New_Visitor,0,1
5,2,8,0.732657,0.900425,53.6013,New_Visitor,1,1
0,17,3,0.525268,0.958962,83.5842,New_Visitor,1,0
5,7,0,0.209026,0.514234,58.6818,Returning_Visitor,0,1
1,17,2,0.685827,0.944063,8.47115,Returning_Visitor,0,1
4,10,9,0.34849,0.956594,32.1832,Returning_Visitor,0,1
2,18,0,0.666945,0.581124,10.5181,Returning_Visitor,1,1
1,14,4,0.176382,0.186688,45.9984,Returning_Visitor,1,1
0,8,8,0.880178,0.659185,26.4883,Returning_Visitor,0,1
0,5,10,0.837247,0.361188,6.41082,New_Visitor,0,1
1,4,10,0.924924,0.659377,126.59,Returning_Visitor,0,1
3,1,5,0.337325,0.99382,110.082,Returning_Visitor,0,1
1,2,7,0.509496,0.392837,3.3784,Returning_Visitor,0,1
2,17,6,0.830336,0.462777,30.1294,Returning_Visitor,0,1
2,15,2,0.225149,0.809029,13.4359,Returning_Visitor,0,1
3,3,0,0.495495,0.0914434,37.6809,Returning_Visitor,0,1
2,11,0,0.0907221,0.251105,14.8419,New_Visitor,0,1
4,9,6,0.824204,0.842017,44.8343,Returning_Visitor,0,1
0,4,5,0.92003,0.172135,175.581,Returning_Visitor,0,1
0,3,0,0.414215,0.646723,77.4747,New_Visitor,0,0
0,3,1,0.997489,0.794403,11.6678,Returning_Visitor,0,0
0,20,0,0.10589,0.218466,20.6167,New_Visitor,0,0
5,0,10,0.832348,0.190212,20.7502,Returning_Visitor,0,0
5,13,5,0.167798,0.784423,23.8313,Returning_Visitor,1,1
3,1,2,0.460144,0.435808,25.3773,Returning_Visitor,0,0
1,12,8,0.175994,0.804348,11.9161,New_Visitor,0,1
0,19,8,0.462702,0.086513,9.53837,Returning_Visitor,0,1
2,4,7,0.338104,0.0611622,88.0254,New_Visitor,1,1
0,14,8,0.78975,0.210301,58.6,Returning_Visitor,1,1
5,4,2,0.822192,0.421434,54.1652,New_Visitor,0,1
4,11,3,0.800518,0.13975,243.662,New_Visitor,0,1
5,13,3,0.455128,0.0234492,65.7978,Returning_Visitor,0,1
3,12,3,0.916266,0.516411,54.9075,Returning_Visitor,0,1
2,2,8,0.368065,0.45699,155.124,Returning_Visitor,0,1
5,10,4,0.696995,0.508653,14.693,Returning_Visitor,0,1
3,9,3,0.0176451,0.250585,43.3839,Returning_Visitor,1,1
0,6,0,0.954921,0.538082,68.272,Returning_Visitor,0,1
3,13,3,0.132804,0.623267,32.6801,Returning_Visitor,1,1
1,6,2,0.871743,0.108298,9.09008,New_Visitor,0,0
1,11,4,0.785746,0.475546,3.35148,Returning_Visitor,0,1
5,12,5,0.557834,0.93497,132.555,Returning_Visitor,0,1
2,13,7,0.591973,0.854052,1.60164,New_Visitor,1,0
4,9,4,0.113456,0.0211839,39.5321,Returning_Visitor,1,1
2,10,8,0.532672,0.309306,20.4378,Returning_Visitor,1,1
4,16,1,0.0839276,0.645134,2.32233,New_Visitor,0,1
2,19,4,0.171315,0.547146,24.5235,Returning_Visitor,1,1
0,14,3,0.220416,0.404552,15.0425,New_Visitor,0,1
5,15,6,0.321595,0.507239,9.78922,Returning_Visitor,0,1
4,15,7,0.534443,0.939694,153.398,New_Visitor,1,1
3,16,9,0.850311,0.735559,3.91664,Returning_Visitor,1,1
5,13,8,0.577293,0.549861,97.3021,Returning_Visitor,0,1
1,5,8,0.377342,0.904302,29.8003,New_Visitor,0,1
2,13,9,0.981845,0.246683,15.3838,Returning_Visitor,1,1
1,6,3,0.846463,0.588853,35.077,Returning_Visitor,0,1
5,2,10,0.909337,0.593645,34.5692,Returning_Visitor,0,1
2,8,2,0.151687,0.230703,50.2097,New_Visitor,0,0
4,15,10,0.601539,0.0666865,61.8499,Returning_Visitor,0,1
5,10,0,0.34355,0.433148,66.1756,New_Visitor,0,1
1,20,9,0.581172,0.727191,6.62019,New_Visitor,0,1
3,6,6,0.966021,0.620582,39.4556,Returning_Visitor,0,0
0,8,7,0.0133013,0.954364,57.4274,Returning_Visitor,0,1
3,10,0,0.168679,0.984663,71.9456,New_Visitor,0,1
0,16,7,0.750492,0.787987,131.564,Returning_Visitor,0,1
4,16,3,0.206626,0.305507,111.101,Returning_Visitor,0,1
3,5,8,0.0697436,0.276532,81.3776,Returning_Visitor,0,1
3,2,3,0.323497,0.986729,33.9202,Returning_Visitor,1,0
0,19,6,0.507256,0.0330274,9.19709,Returning_Visitor,0,1
0,9,6,0.606517,0.27451,37.178,Returning_Visitor,0,1
5,1,6,0.676207,0.303915,46.8871,New_Visitor,1,1
1,10,0,0.351094,0.326365,89.5354,Returning_Visitor,0,1
1,11,7,0.646893,0.337375,47.9207,Returning_Visitor,0,1
1,4,5,0.542234,0.391678,122.126,Returning_Visitor,1,1
4,5,3,0.402661,0.858484,29.9628,New_Visitor,1,1
5,14,3,0.432763,0.738631,152.174,Returning_Visitor,0,1
4,1,9,0.775951,0.676798,24.6292,Returning_Visitor,1,1
3,13,1,0.214378,0.259796,125.607,Returning_Visitor,1,1
0,13,0,0.597646,0.544772,10.7522,Returning_Visitor,1,1
5,18,9,0.245622,0.870733,1.05565,New_Visitor,0,1
2,15,8,0.437547,0.693901,18.1159,Returning_Visitor,1,1
0,7,6,0.0770277,0.0638129,9.08577,Returning_Visitor,0,1
3,20,0,0.465141,0.397772,88.4765,New_Visitor,0,1
5,9,10,0.75892,0.982957,34.2737,New_Visitor,1,1
0,8,9,0.183731,0.489446,44.1757,Returning_Visitor,0,1
5,14,3,0.189817,0.313149,21.5131,Returning_Visitor,0,1
0,13,3,0.67493,0.49169,68.0333,Returning_Visitor,1,1
1,16,4,0.779796,0.217874,7.1783,Returning_Visitor,0,1
4,0,10,0.312858,0.777757,6.21116,Returning_Visitor,0,0
1,10,5,0.299586,0.104211,24.6186,Returning_Visitor,1,1
4,0,6,0.384762,0.173888,47.9263,Returning_Visitor,1,1
2,17,10,0.0240795,0.620882,81.9509,New_Visitor,1,1
0,9,10,0.576568,0.830169,110.441,Returning_Visitor,0,1
5,13,10,0.929906,0.106582,18.449,Returning_Visitor,0,1
1,7,4,0.201559,0.95379,10.377,Returning_Visitor,0,1
0,1,10,0.892246,0.0264055,4.22136,Returning_Visitor,0,0
3,19,10,0.0661771,0.341419,120.98,Returning_Visitor,0,0
4,7,1,0.0256103,0.123061,0.212946,Returning_Visitor,1,1
1,14,1,0.73408,0.39796,171.496,Returning_Visitor,0,1
1,2,4,0.697541,0.255858,3.08312,Returning_Visitor,0,0
0,7,9,0.332335,0.30131,89.3964,Returning_Visitor,0,1
0,15,4,0.406582,0.267485,55.9443,New_Visitor,0,1
2,19,4,0.148288,0.820393,77.2704,Returning_Visitor,0,1
3,13,2,0.191522,0.0912498,17.9594,Returning_Visitor,1,1
3,9,1,0.738484,0.745691,19.0916,Returning_Visitor,0,1
5,10,2,0.797794,0.671112,45.2502,Returning_Visitor,1,1
3,13,7,0.633636,0.0538456,6.85622,Returning_Visitor,0,1
5,14,4,0.683764,0.530197,73.4097,Returning_Visitor,1,1
3,5,2,0.84852,0.0141599,7.77188,New_Visitor,0,0
5,8,6,0.623763,0.780037,3.61527,Returning_Visitor,0,1
2,15,5,0.967403,0.507525,43.364,Returning_Visitor,0,1
4,17,5,0.155242,0.0990018,21.4793,Returning_Visitor,0,1
5,7,6,0.571481,0.8977,68.8824,Returning_Visitor,1,1
3,3,5,0.647678,0.936523,124.562,Returning_Visitor,0,1
1,11,5,0.982903,0.379238,22.4313,Returning_Visitor,1,1
1,11,4,0.131155,0.396459,12.6714,New_Visitor,0,1
2,19,7,0.881224,0.110406,12.8658,New_Visitor,1,1
2,12,6,0.00233909,0.0947577,107.472,Returning_Visitor,0,1
4,13,7,0.462836,0.982667,75.9595,New_Visitor,0,1
2,1,6,0.105825,0.878671,30.3301,Returning_Visitor,0,0
2,20,4,0.65954,0.205924,4.74623,Returning_Visitor,0,1
5,7,4,0.0695168,0.725912,117.769,Returning_Visitor,0,1
3,5,2,0.152142,0.571692,64.4689,New_Visitor,0,0
4,5,4,0.434409,0.719452,33.82,Returning_Visitor,0,1
3,7,2,0.6496,0.149988,33.2894,Returning_Visitor,1,1
5,5,8,0.374369,0.521338,18.0634,Returning_Visitor,1,1
3,11,9,0.518455,0.891055,25.2257,Returning_Visitor,1,1
1,3,8,0.0971129,0.989249,47.6736,Returning_Visitor,1,1
4,19,9,0.171131,0.555667,26.4385,New_Visitor,0,1
0,12,4,0.154386,0.14784,8.72932,Returning_Visitor,1,1
1,15,9,0.448405,0.378585,11.4204,Returning_Visitor,1,1
2,2,6,0.459431,0.790627,117.867,Returning_Visitor,0,1
3,12,8,0.987564,0.762347,2.35046,Returning_Visitor,0,1
0,10,10,0.878911,0.0235778,46.0993,New_Visitor,1,1
3,14,10,0.0551489,0.174431,49.224,Returning_Visitor,0,1
2,3,8,0.811702,0.865186,112.319,Returning_Visitor,0,1
0,0,9,0.422335,0.6129,89.8066,New_Visitor,1,1
1,5,0,0.945672,0.51051,4.40327,Returning_Visitor,0,1
5,6,5,0.320735,0.483256,54.3794,Returning_Visitor,0,1
0,12,5,0.462545,0.578551,97.3908,Returning_Visitor,1,1
0,7,9,0.0748798,0.177912,51.475,New_Visitor,0,1
0,11,5,0.275599,0.650423,53.6312,Returning_Visitor,0,0
0,7,8,0.0738015,0.401594,23.8907,New_Visitor,1,1
1,15,0,0.124843,0.244393,7.74562,New_Visitor,1,1
5,17,2,0.307563,0.177986,111.174,New_Visitor,0,0
1,18,4,0.884791,0.456396,87.5495,Returning_Visitor,0,1
1,7,9,0.560794,0.573379,54.2873,New_Visitor,1,1
4,5,7,0.309757,0.905822,106.816,New_Visitor,1,1
3,12,3,0.420865,0.492534,3.57246,Returning_Visitor,0,1
0,17,6,0.152308,0.30103,49.5328,Returning_Visitor,0,1
0,13,1,0.437413,0.646427,14.1595,Returning_Visitor,1,1
3,16,8,0.920542,0.442817,53.3733,Returning_Visitor,1,1
1,5,10,0.646924,0.858602,99.539,Returning_Visitor,0,1
4,15,6,0.33743,0.495729,36.3552,New_Visitor,1,1
3,2,0,0.53186,0.425915,199.826,New_Visitor,0,1
1,11,10,0.166359,0.659126,15.4507,Returning_Visitor,0,1
4,15,2,0.355177,0.0160059,30.8238,New_Visitor,0,1
3,19,1,0.0711501,0.59229,116.134,Returning_Visitor,0,1
5,17,0,0.855499,0.477782,11.2957,Returning_Visitor,0,1
0,8,2,0.767877,0.591473,5.24555,New_Visitor,0,1
4,6,7,0.311033,0.174158,4.3009,Returning_Visitor,0,1
4,1,5,0.314656,0.539656,58.4364,New_Visitor,0,1
4,7,0,0.0347625,0.593614,89.0588,Returning_Visitor,0,1
1,12,5,0.432373,0.874695,92.6103,Returning_Visitor,0,1
3,6,8,0.823767,0.140649,89.4151,New_Visitor,0,1
2,6,5,0.342535,0.121677,119.899,New_Visitor,1,1
5,12,7,0.0463024,0.564307,113.141,Returning_Visitor,0,1
3,13,2,0.0432507,0.28367,46.3581,New_Visitor,1,1
1,18,6,0.796338,0.120227,54.7479,Returning_Visitor,0,1
0,12,7,0.429344,0.931868,8.20841,Returning_Visitor,0,1
3,9,6,0.403259,0.158783,34.7452,New_Visitor,0,1
3,3,10,0.626361,0.898277,31.8804,Returning_Visitor,1,1
3,3,6,0.707209,0.438972,13.5166,Returning_Visitor,0,1
3,0,4,0.515518,0.673397,96.5201,Returning_Visitor,0,1
3,16,3,0.541823,0.219437,76.6488,Returning_Visitor,0,1
4,0,3,0.0805466,0.329869,11.7477,Returning_Visitor,1,1
4,1,0,0.854459,0.555242,0.814752,Returning_Visitor,1,0
5,15,1,0.115825,0.940342,33.3813,Returning_Visitor,1,1
3,12,10,0.74904,0.869751,13.2189,New_Visitor,0,1
1,11,3,0.873198,0.228039,12.2948,Returning_Visitor,0,0
4,0,10,0.07047,0.601951,120.8,Returning_Visitor,0,0
1,8,0,0.452585,0.960493,37.4053,Returning_Visitor,0,1
5,4,8,0.584848,0.605106,4.99335,Returning_Visitor,0,0
3,16,8,0.0481693,0.114409,4.74245,Returning_Visitor,0,1
4,16,4,0.368049,0.281785,77.9301,Returning_Visitor,1,1
0,3,7,0.27334,0.249717,11.639,New_Visitor,0,1
1,17,4,0.920559,0.918744,56.0481,Returning_Visitor,0,1
3,5,8,0.872371,0.752057,21.5255,Returning_Visitor,0,0
0,20,10,0.33737,0.332813,10.8616,Returning_Visitor,0,0
5,8,10,0.303278,0.816593,0.495123,Returning_Visitor,0,1
4,19,7,0.322876,0.893716,56.6739,New_Visitor,0,1
4,8,5,0.623725,0.180391,39.7322,New_Visitor,1,1
0,8,0,0.176941,0.682644,119.336,New_Visitor,1,1
2,10,6,0.708048,0.761158,5.27965,Returning_Visitor,0,1
4,11,10,0.571868,0.15592,54.5304,Returning_Visitor,0,1
5,7,10,0.11985,0.423374,28.2583,Returning_Visitor,0,1
4,2,7,0.541871,0.030117,47.7277,Returning_Visitor,0,1
2,12,8,0.227319,0.8297,4.13075,Returning_Visitor,0,1
0,11,2,0.560408,0.287213,40.3615,Returning_Visitor,0,1
4,8,5,0.295796,0.795177,48.9213,Returning_Visitor,0,1
0,0,10,0.735126,0.694089,17.6712,Returning_Visitor,0,0
2,5,9,0.197325,0.679819,75.295,Returning_Visitor,1,1
0,12,10,0.740357,0.605061,18.9202,Returning_Visitor,0,1
5,19,10,0.93723,0.527999,68.4527,New_Visitor,0,1
2,20,7,0.835685,0.259179,70.3951,Returning_Visitor,0,1
3,3,4,0.358698,0.951313,77.8235,New_Visitor,0,1
2,11,8,0.00477989,0.46998,3.14908,Returning_Visitor,0,1
5,20,4,0.788761,0.67844,45.8977,Returning_Visitor,1,1
5,16,0,0.0741803,0.996667,56.0468,Returning_Visitor,0,1
4,4,0,0.247214,0.775351,33.916,Returning_Visitor,0,0
5,20,7,0.135602,0.200132,4.21653,New_Visitor,0,1
2,8,4,0.0624393,0.531534,1.97538,New_Visitor,0,1
5,2,8,0.217097,0.214394,23.0175,New_Visitor,0,1
0,11,4,0.219186,0.508186,66.8345,New_Visitor,0,1
3,17,2,0.381624,0.69932,52.1319,Returning_Visitor,0,1
2,1,9,0.830344,0.11376,24.9916,Returning_Visitor,1,0
1,8,4,0.648285,0.686768,1.35492,Returning_Visitor,0,1
1,8,3,0.422252,0.8151,46.6073,Returning_Visitor,0,1
5,4,10,0.625156,0.953798,35.1892,New_Visitor,0,0
4,8,1,0.823767,0.710779,83.3714,Returning_Visitor,0,1
3,6,0,0.326568,0.0694038,56.5773,Returning_Visitor,1,1
1,0,6,0.892963,0.899978,123.347,New_Visitor,0,1
0,18,9,0.640218,0.389565,150.297,Returning_Visitor,0,1
1,12,9,0.722699,0.97489,11.1399,Returning_Visitor,0,1
2,9,0,0.644608,0.284837,118.918,Returning_Visitor,0,1
0,6,7,0.613037,0.463156,15.5882,Returning_Visitor,0,1
2,19,7,0.985621,0.540111,2.0918,Returning_Visitor,1,1
5,15,3,0.199566,0.175235,23.9176,Returning_Visitor,1,1
0,16,9,0.263137,0.992519,82.2784,Returning_Visitor,1,1
3,1,4,0.726659,0.221533,151.069,New_Visitor,0,1
4,13,6,0.177655,0.0742767,113.661,Returning_Visitor,1,1
2,1,1,0.346954,0.389743,5.48566,Returning_Visitor,1,1
5,13,6,0.0822764,0.384459,114.502,Returning_Visitor,1,1
2,16,9,0.174502,0.406842,42.5633,Returning_Visitor,1,1
3,17,10,0.0317185,0.941721,29.6549,Returning_Visitor,0,1
4,14,10,0.634271,0.118587,7.88134,Returning_Visitor,0,1
1,10,3,0.0697914,0.358133,22.5448,Returning_Visitor,0,1
2,19,8,0.00876313,0.661943,47.9713,Returning_Visitor,0,1
5,6,8,0.810419,0.853169,0.371178,Returning_Visitor,0,1
1,18,3,0.467589,0.218453,109.291,Returning_Visitor,1,1
2,9,8,0.232853,0.24161,22.9936,Returning_Visitor,0,1
4,5,2,0.376939,0.543327,19.4275,Returning_Visitor,0,0
5,1,0,0.286252,0.621732,26.1911,New_Visitor,1,0
5,15,8,0.519343,0.776681,14.2836,Returning_Visitor,0,1
1,3,2,0.579962,0.419578,42.2382,Returning_Visitor,0,0
5,9,3,0.877347,0.878804,184.535,Returning_Visitor,0,1
1,16,1,0.559264,0.579278,123.673,New_Visitor,1,1
1,0,10,0.544123,0.855314,18.5921,New_Visitor,0,0
4,14,9,0.195336,0.0455994,27.3148,Returning_Visitor,0,1
1,17,6,0.908961,0.456003,42.6659,Returning_Visitor,0,1
2,2,4,0.70825,0.566299,17.8816,Returning_Visitor,0,1
2,3,3,0.540204,0.1557,2.88082,Returning_Visitor,0,1
2,16,1,0.371727,0.533665,142.947,New_Visitor,0,1
5,19,2,0.583905,0.946888,19.3372,Returning_Visitor,0,1
1,12,6,0.303347,0.252188,36.4865,New_Visitor,0,1
1,6,10,0.688244,0.519723,1.93776,Returning_Visitor,1,1
4,10,4,0.228608,0.121634,77.3872,Returning_Visitor,0,0
0,5,1,0.920168,0.88689,67.7802,Returning_Visitor,0,1
0,17,2,0.301802,0.66701,116.292,Returning_Visitor,0,1
5,7,1,0.8346,0.0278159,53.9355,New_Visitor,1,1
1,6,10,0.117235,0.0784996,76.6537,Returning_Visitor,0,1
2,7,3,0.74863,0.69199,43.5152,Returning_Visitor,1,1
5,3,6,0.951902,0.110932,1.34992,Returning_Visitor,1,1
3,14,6,0.0647369,0.624247,15.4235,Returning_Visitor,0,1
3,1,7,0.017548,0.00767963,48.0577,Returning_Visitor,1,1
5,19,8,0.0295677,0.138284,61.9274,New_Visitor,1,1
4,19,10,0.57903,0.981726,30.7682,Returning_Visitor,0,1
4,10,3,0.60509,0.504909,53.4509,New_Visitor,1,1
3,11,9,0.415713,0.648584,21.7517,New_Visitor,0,1
3,10,4,0.0883824,0.0581579,15.7063,Returning_Visitor,1,1
4,15,0,0.671303,0.400478,13.7236,Returning_Visitor,0,1
4,13,1,0.509926,0.938371,7.60217,Returning_Visitor,0,1
2,3,10,0.0586592,0.575303,18.3324,Returning_Visitor,0,1
4,5,0,0.724927,0.174836,32.881,Returning_Visitor,1,1
3,15,4,0.342851,0.516495,23.2387,New_Visitor,0,1
5,11,5,0.169677,0.222401,6.75317,New_Visitor,0,1
1,2,6,0.351468,0.948205,17.3802,Returning_Visitor,1,1
0,4,5,0.390888,0.729333,0.728735,Returning_Visitor,1,1
1,19,3,0.642672,0.440361,12.2033,Returning_Visitor,0,1
4,5,1,0.307124,0.926151,57.6937,New_Visitor,0,1
2,16,10,0.661861,0.539052,57.3173,Returning_Visitor,0,1
5,2,3,0.149997,0.138675,40.7684,Returning_Visitor,0,1
5,1,6,0.326976,0.600967,35.4139,Returning_Visitor,0,1
3,10,10,0.275907,0.645906,52.598,Returning_Visitor,0,1
2,4,8,0.535155,0.914755,127.434,Returning_Visitor,1,1
3,13,0,0.295658,0.124496,23.5357,Returning_Visitor,0,1
1,19,1,0.0251099,0.678069,71.3922,New_Visitor,0,1
1,4,2,0.101127,0.16963,26.8007,New_Visitor,0,0
0,5,5,0.200889,0.665874,53.6497,Returning_Visitor,0,1
1,16,8,0.708702,0.982399,4.22488,Returning_Visitor,0,0
1,20,3,0.0869172,0.209456,114.659,New_Visitor,1,1
4,5,7,0.607063,0.78117,12.9801,Returning_Visitor,1,1
1,12,0,0.470681,0.872432,10.6422,Returning_Visitor,1,1
1,6,4,0.979315,0.194877,16.4983,Returning_Visitor,0,1
2,8,2,0.426511,0.0645495,34.2727,Returning_Visitor,0,1
2,5,9,0.515547,0.351097,30.7556,Returning_Visitor,1,1
1,7,8,0.400735,0.573239,175.38,Returning_Visitor,0,1
4,2,0,0.438731,0.477324,43.7133,Returning_Visitor,0,0
0,16,7,0.500544,0.902093,3.16702,Returning_Visitor,1,1
2,20,6,0.507236,0.922958,6.21843,New_Visitor,0,1
3,3,3,0.729812,0.983476,5.12557,Returning_Visitor,1,0
3,6,7,0.505995,0.567806,3.94557,Returning_Visitor,1,1
2,9,2,0.863936,0.108015,98.3921,Returning_Visitor,0,1
5,9,6,0.0919339,0.852874,122.663,Returning_Visitor,1,1
5,13,0,0.942164,0.942284,10.6289,Returning_Visitor,1,1
5,20,6,0.554299,0.597267,22.3517,New_Visitor,1,1
1,17,10,0.836345,0.60193,72.7798,Returning_Visitor,0,1
4,17,4,0.607872,0.920307,56.5186,Returning_Visitor,0,1
1,12,2,0.045291,0.467572,7.22213,Returning_Visitor,0,1
4,9,6,0.0843536,0.217394,99.963,Returning_Visitor,0,1
2,16,5,0.58021,0.420211,18.7682,New_Visitor,0,0
4,12,8,0.251542,0.187078,107.127,Returning_Visitor,0,1
1,1,1,0.84063,0.333818,26.5912,Returning_Visitor,1,0
0,2,6,0.733201,0.478451,2.77372,Returning_Visitor,0,1
1,11,7,0.441495,0.939878,102.71,Returning_Visitor,0,1
2,9,6,0.420746,0.863006,16.3742,Returning_Visitor,0,1
4,9,5,0.488735,0.312943,11.594,New_Visitor,0,1
2,12,6,0.254701,0.0885357,171.817,Returning_Visitor,0,0
4,3,0,0.144983,0.575319,135.267,Returning_Visitor,0,0
1,8,8,0.81421,0.379361,172.788,New_Visitor,1,1
1,15,0,0.487539,0.0634824,40.4058,Returning_Visitor,1,1
5,11,10,0.192253,0.0843563,42.1054,Returning_Visitor,0,1
2,20,4,0.677484,0.541198,23.1694,New_Visitor,0,0
4,9,4,0.0479769,0.324087,17.4186,Returning_Visitor,0,1
3,15,1,0.958752,0.185431,77.2644,Returning_Visitor,0,1
5,7,0,0.0456051,0.937243,23.0189,Returning_Visitor,1,1
4,7,4,0.783031,0.545686,6.26711,Returning_Visitor,0,1
4,14,5,0.160484,0.0260181,39.8438,New_Visitor,0,1
3,14,0,0.329413,0.353071,53.7191,Returning_Visitor,0,1
4,13,7,0.030244,0.663512,9.96059,New_Visitor,1,1
2,14,5,0.698992,0.189295,71.0746,Returning_Visitor,0,1
5,20,7,0.717283,0.690698,34.1366,Returning_Visitor,1,1
5,13,0,0.232747,0.180855,70.5267,Returning_Visitor,0,1
3,4,4,0.816663,0.722929,95.4731,Returning_Visitor,0,1
1,2,3,0.911278,0.313047,39.8907,New_Visitor,0,0
4,17,3,0.608266,0.543711,1.35585,Returning_Visitor,0,1
4,20,10,0.535476,0.509066,32.8909,Returning_Visitor,0,1
4,9,2,0.851196,0.452813,36.5573,Returning_Visitor,0,1
2,16,10,0.363432,0.356399,23.4735,Returning_Visitor,0,1
5,2,3,0.993796,0.751594,45.8528,New_Visitor,0,0
3,3,0,0.231495,0.726065,69.4733,Returning_Visitor,0,1
2,16,1,0.0338304,0.641302,110.053,Returning_Visitor,0,1
3,5,5,0.777752,0.381912,17.8467,Returning_Visitor,1,1
1,7,6,0.992053,0.617189,27.6017,Returning_Visitor,0,1
3,5,2,0.562843,0.798375,11.6635,Returning_Visitor,0,1
0,14,6,0.723356,0.27912,10.8107,Returning_Visitor,0,1
0,16,1,0.0188872,0.418541,21.8223,Returning_Visitor,1,1
1,10,7,0.203878,0.580649,1.43372,Returning_Visitor,0,1
4,0,0,0.923859,0.926758,1.86646,Returning_Visitor,1,0
0,6,5,0.83423,0.851363,37.2695,Returning_Visitor,0,1
3,17,9,0.0325694,0.484835,51.5687,Returning_Visitor,1,1
4,12,6,0.281762,0.771916,221.367,Returning_Visitor,1,1
2,5,5,0.12383,0.0098254,32.438,Returning_Visitor,1,1
3,1,8,0.907222,0.306839,1.67208,Returning_Visitor,0,0
4,10,1,0.314754,0.581439,126.242,Returning_Visitor,0,1
2,13,0,0.552419,0.257831,19.4068,Returning_Visitor,1,1
2,12,5,0.587016,0.142119,111.305,New_Visitor,1,0
5,6,6,0.729852,0.180839,60.5281,Returning_Visitor,0,1
1,2,3,0.487709,0.152235,116.12,Returning_Visitor,0,1
4,14,10,0.22743,0.0220756,158.215,Returning_Visitor,1,0
1,5,1,0.674038,0.105048,9.67108,Returning_Visitor,1,1
5,11,10,0.936918,0.320191,39.7237,Returning_Visitor,1,1
3,6,3,0.164128,0.175384,43.9772,New_Visitor,0,0
0,1,7,0.208219,0.604075,5.75936,Returning_Visitor,0,1
3,5,5,0.547425,0.200051,35.3583,Returning_Visitor,0,1
1,16,7,0.477661,0.808217,117.427,Returning_Visitor,1,1
5,12,2,0.0934133,0.751418,25.0722,Returning_Visitor,1,0
2,10,10,0.661846,0.667762,4.04726,Returning_Visitor,1,1
4,11,0,0.576539,0.598886,17.8868,Returning_Visitor,0,1
3,5,2,0.195997,0.69424,14.8248,Returning_Visitor,1,0
4,10,5,0.730074,0.74209,22.2171,Returning_Visitor,0,1
5,0,10,0.460553,0.471603,13.4002,New_Visitor,0,1
2,5,8,0.499343,0.396093,33.5918,Returning_Visitor,1,1
2,8,3,0.538147,0.0318746,37.0711,Returning_Visitor,0,1
2,18,10,0.612135,0.0154201,7.82811,Returning_Visitor,0,1
0,5,10,0.306496,0.537987,267.937,New_Visitor,1,1
5,0,7,0.794711,0.0762825,32.3256,Returning_Visitor,1,1
5,6,1,0.321709,0.389181,55.592,Returning_Visitor,0,1
1,5,8,0.0528837,0.892317,66.2456,Returning_Visitor,0,1
1,16,3,0.433201,0.357231,11.5108,Returning_Visitor,1,1
2,14,2,0.648829,0.320757,19.8037,Returning_Visitor,0,1
5,9,0,0.756426,0.983832,11.8842,Returning_Visitor,0,1
5,19,7,0.0836627,0.430827,74.0714,Returning_Visitor,0,1
2,20,6,0.663911,0.242648,34.373,New_Visitor,0,1
1,20,10,0.473067,0.857462,1.61636,Returning_Visitor,0,1
0,15,9,0.638459,0.422771,2.10775,Returning_Visitor,0,1
3,12,7,0.257818,0.222494,67.2304,Returning_Visitor,0,1
3,5,3,0.301298,0.948963,5.26586,Returning_Visitor,0,1
5,4,0,0.92476,0.6502,257.641,Returning_Visitor,0,1
0,18,0,0.204789,0.840629,0.73934,Returning_Visitor,1,1
4,8,3,0.33555,0.805846,22.8932,Returning_Visitor,0,1
5,3,2,0.0839945,0.181781,29.8208,Returning_Visitor,0,1
1,0,3,0.979019,0.99318,74.9221,Returning_Visitor,0,0
3,18,5,0.0896411,0.904831,7.25944,Returning_Visitor,0,1
4,16,9,0.153526,0.0822493,37.9139,Returning_Visitor,0,1
3,13,6,0.670033,0.954986,88.1117,Returning_Visitor,0,1
1,3,4,0.255748,0.259238,46.5898,Returning_Visitor,1,1
1,4,1,0.601573,0.963186,24.6965,Returning_Visitor,0,0
0,7,7,0.236022,0.468816,4.70238,Returning_Visitor,0,1
1,6,2,0.320097,0.308771,30.377,New_Visitor,1,1
3,3,6,0.69719,0.887342,13.9659,New_Visitor,0,0
2,4,2,0.415441,0.770361,6.61932,Returning_Visitor,0,1
1,12,9,0.715946,0.972055,62.0156,New_Visitor,0,1
0,10,9,0.887492,0.0206962,56.7934,Returning_Visitor,1,1
0,11,9,0.105445,0.710788,90.1671,Returning_Visitor,0,0
3,13,7,0.541721,0.771709,4.02632,Returning_Visitor,0,1
3,17,2,0.801978,0.529966,16.7791,Returning_Visitor,0,1
1,15,6,0.493195,0.123478,72.2917,New_Visitor,0,1
2,1,1,0.243547,0.834114,14.3011,Returning_Visitor,1,0
0,6,2,0.167095,0.358896,6.75357,Returning_Visitor,1,1
4,14,3,0.653082,0.352061,24.0083,New_Visitor,1,1
0,7,7,0.46094,0.201135,18.0451,New_Visitor,1,1
0,8,8,0.270508,0.0707736,3.94314,Returning_Visitor,0,1
1,16,3,0.0568019,0.15718,0.562273,New_Visitor,0,1
2,5,3,0.886172,0.946617,2.01225,Returning_Visitor,0,1
1,9,9,0.0614602,0.19352,48.431,Returning_Visitor,0,1
5,6,0,0.0900978,0.115708,106.046,New_Visitor,0,1
1,19,8,0.476694,0.169588,20.0659,New_Visitor,1,1
0,19,7,0.00269436,0.591531,49.0051,New_Visitor,0,1
4,8,10,0.391006,0.081798,9.77723,Returning_Visitor,0,1
1,8,0,0.731326,0.684441,0.151071,Returning_Visitor,0,1
0,14,9,0.442863,0.586279,144.73,Returning_Visitor,0,1
5,8,7,0.5884,0.451596,78.1157,New_Visitor,1,1
1,20,9,0.292889,0.543001,143.97,Returning_Visitor,0,1
3,11,0,0.727659,0.680941,63.8958,Returning_Visitor,1,1
3,5,4,0.961667,0.61919,78.873,New_Visitor,1,1
4,5,7,0.616359,0.98132,10.511,Returning_Visitor,0,1
5,16,9,0.683519,0.316976,29.3364,New_Visitor,0,1
5,15,7,0.778403,0.461211,22.2757,New_Visitor,0,1
4,3,10,0.379573,0.52686,225.56,New_Visitor,0,1
0,4,2,0.524634,0.927905,22.1315,New_Visitor,0,0
2,14,0,0.904652,0.200513,139.743,Returning_Visitor,0,1
0,10,2,0.2339,0.0204978,41.9539,Returning_Visitor,0,1
0,11,8,0.239969,0.924581,9.01204,New_Visitor,1,1
2,11,9,0.0292479,0.454422,24.2884,New_Visitor,1,1
1,12,3,0.599628,0.466809,60.609,New_Visitor,0,1
1,20,0,0.123141,0.877371,44.2548,Returning_Visitor,0,1
4,6,8,0.473842,0.778538,8.37081,Returning_Visitor,0,1
3,17,2,0.509763,0.948578,7.50532,New_Visitor,0,1
4,11,10,0.171969,0.231016,31.4756,New_Visitor,0,1
4,5,6,0.309332,0.314354,78.9662,Returning_Visitor,0,1
0,9,4,0.436381,0.225703,21.5135,Returning_Visitor,1,1
2,4,1,0.521953,0.524173,141.261,Returning_Visitor,0,1
5,16,3,0.915318,0.552561,66.338,New_Visitor,0,1
4,6,9,0.585458,0.0309047,29.1882,New_Visitor,0,1
5,5,1,0.772166,0.239246,10.3138,Returning_Visitor,0,1
4,12,2,0.738973,0.993343,4.20801,Returning_Visitor,0,1
0,13,7,0.76017,0.149518,19.9759,Returning_Visitor,0,1
3,4,5,0.0472101,0.0772802,65.4066,Returning_Visitor,0,0
2,0,9,0.69015,0.856216,48.2279,New_Visitor,1,0
3,16,9,0.96801,0.584415,41.9929,Returning_Visitor,0,1
1,0,4,0.180956,0.404267,118.753,Returning_Visitor,0,0
3,0,7,0.870025,0.934066,50.4331,Returning_Visitor,0,1
0,0,10,0.646202,0.522623,65.5717,Returning_Visitor,1,1
2,0,5,0.848769,0.597111,15.191,New_Visitor,0,0
2,15,10,0.586342,0.275355,25.0666,Returning_Visitor,0,1
0,3,7,0.367581,0.24561,32.6461,Returning_Visitor,0,1
4,15,6,0.487115,0.412856,30.0943,New_Visitor,0,1
1,15,6,0.67945,0.746731,100.197,Returning_Visitor,0,1
5,15,9,0.0213413,0.570042,18.9758,Returning_Visitor,0,1
1,5,4,0.955726,0.141486,37.8268,Returning_Visitor,0,0
5,12,4,0.473029,0.0272166,133.132,Returning_Visitor,0,1
2,7,7,0.752486,0.900705,111.238,New_Visitor,0,1
0,10,0,0.575578,0.588236,4.51251,Returning_Visitor,0,1
4,2,3,0.449759,0.500786,47.2656,New_Visitor,1,0
1,18,2,0.239012,0.192988,7.91375,Returning_Visitor,1,1
0,3,8,0.906228,0.990007,17.8086,Returning_Visitor,1,1
3,0,0,0.998541,0.969371,83.3779,Returning_Visitor,0,1
0,13,2,0.464111,0.695242,23.0026,Returning_Visitor,1,1
3,8,7,0.867674,0.319972,10.9455,Returning_Visitor,0,1
2,12,4,0.273229,0.356141,66.8793,Returning_Visitor,0,1
4,13,6,0.647273,0.334858,69.2368,Returning_Visitor,0,1
3,10,2,0.432176,0.66801,1.13257,Returning_Visitor,0,1
4,3,1,0.302917,0.35139,4.5462,Returning_Visitor,0,0
5,20,0,0.320688,0.0455881,1.6411,Returning_Visitor,0,1
0,12,4,0.0724736,0.354273,49.3141,Returning_Visitor,0,1
5,7,2,0.792765,0.689315,130.095,Returning_Visitor,1,1
3,12,1,0.844855,0.0576121,78.6834,Returning_Visitor,1,1
4,10,4,0.100037,0.676173,37.6257,New_Visitor,0,1
5,11,10,0.615387,0.357319,33.7277,New_Visitor,0,1
1,5,1,0.0614138,0.907676,11.1261,Returning_Visitor,0,0
5,3,4,0.648133,0.85416,37.6197,Returning_Visitor,0,0
4,18,7,0.469697,0.469849,58.1543,New_Visitor,0,1
0,3,7,0.524449,0.753824,28.132,New_Visitor,0,1
0,2,3,0.273945,0.492212,23.3022,Returning_Visitor,0,0
3,16,8,0.887887,0.222996,58.148,Returning_Visitor,1,1
2,8,1,0.576022,0.566172,37.0432,Returning_Visitor,1,1
0,12,10,0.478121,0.224208,18.8891,New_Visitor,1,1
3,15,7,0.861441,0.708317,28.0487,Returning_Visitor,1,1
5,1,1,0.028212,0.552105,4.53831,Returning_Visitor,0,1
5,18,1,0.985334,0.302979,11.5707,Returning_Visitor,1,0
1,19,0,0.413374,0.300533,43.5566,New_Visitor,0,1
0,10,9,0.675089,0.624812,106.538,Returning_Visitor,0,0
1,14,7,0.260106,0.704372,318.274,New_Visitor,0,1
5,14,3,0.526628,0.636305,33.8366,Returning_Visitor,1,1
2,10,7,0.237569,0.0665989,32.3501,Returning_Visitor,0,1
4,3,4,0.65479,0.0811842,26.3346,New_Visitor,0,0
0,13,6,0.656163,0.105754,30.2487,Returning_Visitor,0,1
3,5,7,0.937395,0.440657,43.9338,New_Visitor,1,1
5,8,4,0.651602,0.57506,11.5434,Returning_Visitor,1,0
2,18,0,0.873953,0.333373,23.7517,New_Visitor,0,1
1,8,3,0.151826,0.563114,37.4391,New_Visitor,1,1
3,9,10,0.339324,0.735152,47.2202,Returning_Visitor,1,1
3,16,3,0.97172,0.9275,57.777,New_Visitor,1,1
4,17,4,0.196531,0.535035,39.6453,Returning_Visitor,1,1
2,17,3,0.630489,0.098856,69.9903,Returning_Visitor,1,1
4,7,4,0.287515,0.707507,40.447,Returning_Visitor,0,1
1,20,4,0.518332,0.883056,29.2932,New_Visitor,0,1
5,7,0,0.566309,0.629703,43.9964,Returning_Visitor,1,1
3,16,2,0.806741,0.478056,43.8813,New_Visitor,0,1
4,3,6,0.723031,0.686647,120.152,Returning_Visitor,0,1
0,16,10,0.758633,0.00172589,64.4537,New_Visitor,1,1
3,1,2,0.583837,0.437879,69.9276,Returning_Visitor,0,1
3,17,7,0.0291468,0.0356253,15.7675,Returning_Visitor,0,1
1,0,7,0.642553,0.784205,124.567,Returning_Visitor,0,1
5,13,4,0.909337,0.429195,60.7628,Returning_Visitor,0,1
5,6,2,0.0468209,0.00864344,18.0929,New_Visitor,0,0
3,6,6,0.637337,0.55537,144.678,New_Visitor,1,1
4,12,0,0.327612,0.835674,24.7922,New_Visitor,0,1
4,14,3,0.766143,0.203812,5.67961,Returning_Visitor,0,0
2,15,6,0.438028,0.64304,61.4585,Returning_Visitor,0,1
2,14,5,0.505738,0.690752,3.5431,New_Visitor,0,1
5,13,2,0.773377,0.435521,31.1536,New_Visitor,0,1
0,9,1,0.16661,0.543027,6.90721,Returning_Visitor,1,1
3,5,3,0.226358,0.981237,140.63,New_Visitor,0,1
0,2,3,0.25945,0.574437,46.3801,Returning_Visitor,0,1
3,5,8,0.258108,0.650845,43.855,Returning_Visitor,1,1
3,13,1,0.737059,0.707551,34.1338,Returning_Visitor,0,1
0,20,6,0.436737,0.798147,7.74693,Returning_Visitor,0,1
3,0,10,0.0549569,0.0554441,8.12052,Returning_Visitor,1,1
0,7,0,0.513676,0.987849,159.424,New_Visitor,1,1
3,11,5,0.542493,0.81426,19.7217,New_Visitor,1,1
1,20,4,0.579912,0.49609,108.288,Returning_Visitor,1,1
4,4,4,0.169921,0.46828,34.4529,Returning_Visitor,1,1
5,19,6,0.251722,0.54107,53.7457,Returning_Visitor,1,1
5,6,8,0.7882,0.285693,17.719,New_Visitor,0,1
1,1,1,0.665266,0.40482,44.1369,New_Visitor,0,0
3,3,2,0.64238,0.554757,0.728197,Returning_Visitor,0,1
2,12,0,0.133052,0.457593,3.65825,Returning_Visitor,0,1
1,15,10,0.85634,0.75433,2.78388,Returning_Visitor,0,1
5,11,4,0.55562,0.953856,4.82446,New_Visitor,0,1
4,7,3,0.471374,0.529434,31.3125,Returning_Visitor,1,1
2,2,9,0.69829,0.99969,174.165,Returning_Visitor,1,1
1,20,7,0.435122,0.0953704,21.7961,New_Visitor,0,1
3,1,8,0.628261,0.713295,83.4158,Returning_Visitor,1,1
0,7,5,0.768412,0.562257,17.9066,New_Visitor,0,1
3,20,3,0.310783,0.131572,44.5543,Returning_Visitor,0,1
5,0,8,0.715703,0.382011,109.714,Returning_Visitor,0,1
0,12,4,0.851832,0.152065,162.735,Returning_Visitor,1,1
5,1,9,0.564053,0.023152,53.5247,Returning_Visitor,0,1
3,13,4,0.944324,0.437543,19.637,Returning_Visitor,0,1
2,3,6,0.0889289,0.653075,1.48828,New_Visitor,0,0
3,11,8,0.423184,0.454766,41.2275,New_Visitor,1,1
1,19,4,0.366698,0.323766,151.872,Returning_Visitor,1,1
5,15,8,0.932879,0.00727248,112.951,New_Visitor,0,1
2,6,0,0.381324,0.561846,42.9023,Returning_Visitor,1,1
3,10,8,0.94129,0.974022,54.4018,Returning_Visitor,0,1
2,18,4,0.790512,0.573878,65.1046,New_Visitor,0,1
0,3,7,0.382274,0.381442,51.552,Returning_Visitor,0,1
3,10,3,0.918009,0.969101,6.42608,Returning_Visitor,0,1
2,9,4,0.661183,0.334344,46.9929,Returning_Visitor,0,1
3,2,3,0.497944,0.812987,0.710328,Returning_Visitor,0,1
4,9,4,0.106814,0.852614,4.14749,New_Visitor,1,1
4,12,2,0.555649,0.759854,43.6248,Returning_Visitor,0,1
4,3,3,0.111476,0.901234,5.55355,Returning_Visitor,1,1
3,3,6,0.211801,0.531882,47.7347,Returning_Visitor,1,1
4,9,7,0.511178,0.578547,15.565,Returning_Visitor,0,1
3,15,3,0.888098,0.0915055,42.8946,New_Visitor,0,1
4,4,0,0.445587,0.890888,2.03064,Returning_Visitor,0,0
5,18,2,0.34936,0.834011,15.3002,New_Visitor,0,1
3,2,1,0.297451,0.191519,10.2537,Returning_Visitor,0,1
1,9,6,0.0707153,0.892657,141.386,New_Visitor,0,1
3,11,7,0.70138,0.67264,130.721,New_Visitor,1,1
5,6,3,0.555165,0.817307,38.0126,New_Visitor,1,1
4,20,1,0.392984,0.92587,7.54229,Returning_Visitor,0,1
3,7,9,0.546027,0.74034,68.1452,Returning_Visitor,0,1
2,0,7,0.866081,0.584857,10.9348,New_Visitor,0,0
4,0,6,0.935657,0.707599,14.495,Returning_Visitor,0,0
1,2,1,0.760352,0.430232,8.61122,Returning_Visitor,0,0
4,20,0,0.0420152,0.303066,65.5142,Returning_Visitor,0,0
5,8,0,0.504765,0.508764,30.0976,Returning_Visitor,1,1
0,15,3,0.880038,0.615377,22.8356,New_Visitor,0,1
0,2,4,0.22449,0.570096,102.203,Returning_Visitor,1,1
2,2,6,0.465627,0.298574,35.7088,New_Visitor,1,1
1,1,5,0.496563,0.90177,14.534,Returning_Visitor,1,1
2,9,2,0.0833618,0.336227,40.0648,Returning_Visitor,1,1
3,16,3,0.429235,0.701816,106.105,Returning_Visitor,0,1
2,1,6,0.5201,0.385568,4.35597,New_Visitor,0,0
2,20,5,0.449909,0.0850083,17.3214,New_Visitor,0,1
1,6,8,0.637432,0.255958,211.185,Returning_Visitor,0,1
4,2,8,0.65567,0.270683,181.676,Returning_Visitor,1,0
2,10,2,0.795065,0.344309,40.863,New_Visitor,0,1
3,10,6,0.31136,0.0857468,37.4557,New_Visitor,0,0
5,16,8,0.437746,0.0592344,10.3046,New_Visitor,0,1
0,12,2,0.408471,0.226452,105.329,Returning_Visitor,0,1
1,2,0,0.856722,0.965478,54.7379,Returning_Visitor,0,1
0,4,3,0.512353,0.183891,150.459,Returning_Visitor,1,1
4,0,9,0.698584,0.284624,7.47109,Returning_Visitor,0,0
4,3,1,0.531907,0.0062084,14.8168,New_Visitor,0,0
3,9,1,0.140157,0.60904,148.971,Returning_Visitor,1,1
4,11,2,0.0579414,0.191899,25.3338,Returning_Visitor,1,1
2,13,1,0.879897,0.872657,65.6952,Returning_Visitor,1,1
5,3,10,0.0353927,0.950195,41.5449,Returning_Visitor,0,1
2,5,10,0.556832,0.882184,21.819,Returning_Visitor,1,1
2,9,4,0.631736,0.127285,51.2781,Returning_Visitor,0,1
4,1,4,0.774065,0.666334,62.5251,Returning_Visitor,1,1
0,3,3,0.342926,0.540543,15.8415,Returning_Visitor,1,1
5,9,8,0.676187,0.680834,31.2834,New_Visitor,0,1
3,13,10,0.676342,0.593191,59.5185,Returning_Visitor,0,1
3,3,7,0.0557332,0.450692,216.804,Returning_Visitor,1,1
0,0,7,0.583602,0.315794,47.0147,Returning_Visitor,0,1
2,13,5,0.261613,0.743229,34.6745,Returning_Visitor,0,1
3,4,1,0.568765,0.508459,172.145,Returning_Visitor,0,0
0,8,5,0.251756,0.629151,21.2181,Returning_Visitor,1,1
3,12,3,0.279691,0.877957,36.2211,New_Visitor,0,1
3,16,8,0.187287,0.858205,137.322,New_Visitor,0,1
2,20,2,0.810357,0.762219,52.849,Returning_Visitor,0,1
0,13,0,0.891927,0.344629,33.7169,New_Visitor,1,1
2,4,7,0.507906,0.0427684,9.22768,Returning_Visitor,0,1
5,18,7,0.516554,0.951711,119.187,New_Visitor,1,1
1,16,2,0.784561,0.311911,45.7917,Returning_Visitor,0,1
4,17,0,0.231944,0.363103,178.072,Returning_Visitor,1,1
4,5,5,0.481405,0.649617,21.9463,Returning_Visitor,0,1
5,6,9,0.0829708,0.381942,103.268,Returning_Visitor,0,1
2,1,3,0.124628,0.771886,223.844,Returning_Visitor,0,1
4,5,4,0.231562,0.873207,103.977,Returning_Visitor,1,1
2,17,1,0.639575,0.216031,29.0344,Returning_Visitor,0,1
2,9,1,0.169507,0.232322,55.4727,New_Visitor,0,1
4,11,6,0.339162,0.975281,56.4278,Returning_Visitor,0,1
1,7,9,0.364601,0.966952,110.909,Returning_Visitor,0,1
3,11,2,0.399557,0.0588433,61.4793,Returning_Visitor,0,1
3,16,2,0.33177,0.821117,36.4645,Returning_Visitor,1,0
5,3,6,0.391219,0.65087,51.2704,Returning_Visitor,0,1
2,11,6,0.338989,0.776515,44.3286,Returning_Visitor,0,1
4,8,3,0.711152,0.412207,10.7517,New_Visitor,0,1
5,16,10,0.245783,0.906685,16.0035,Returning_Visitor,0,1
4,12,9,0.603507,0.158855,162.742,New_Visitor,0,1
4,15,8,0.684282,0.114279,39.3006,Returning_Visitor,1,1
5,11,6,0.683474,0.368976,32.2717,New_Visitor,0,1
4,19,10,0.929365,0.338383,51.002,Returning_Visitor,0,1
4,1,9,0.70867,0.841512,55.2043,Returning_Visitor,1,1
2,10,6,0.609532,0.075503,18.2138,New_Visitor,0,1
3,0,0,0.808893,0.470312,3.87441,Returning_Visitor,0,0
2,5,10,0.16673,0.255877,36.1639,Returning_Visitor,0,0
2,8,6,0.93876,0.249446,25.7116,New_Visitor,0,1
3,16,9,0.268426,0.754369,30.5315,New_Visitor,0,1
2,15,0,0.7242,0.886533,33.7555,Returning_Visitor,0,1
2,7,7,0.423121,0.930972,47.1995,Returning_Visitor,0,1
0,16,5,0.186694,0.850914,25.8351,Returning_Visitor,1,1
3,5,8,0.0248083,0.689586,25.085,Returning_Visitor,0,1
1,15,6,0.329062,0.553566,25.6598,New_Visitor,1,1
2,2,2,0.202032,0.25044,29.5224,Returning_Visitor,1,1
5,1,3,0.667456,0.341974,47.8264,Returning_Visitor,0,0
3,8,1,0.533117,0.478852,10.1046,Returning_Visitor,0,1
1,2,2,0.695518,0.902867,11.2954,Returning_Visitor,0,0
2,1,10,0.420895,0.554583,147.491,Returning_Visitor,1,1
3,17,2,0.782834,0.878931,8.98063,New_Visitor,0,1
5,6,3,0.13305,0.882495,9.71047,Returning_Visitor,0,1
0,13,7,0.857682,0.131771,46.6189,Returning_Visitor,1,1
3,3,9,0.185382,0.728328,2.84977,Returning_Visitor,0,0
1,15,4,0.55868,0.0343847,4.90574,Returning_Visitor,0,1
0,20,5,0.800722,0.670594,11.7496,New_Visitor,0,1
2,13,2,0.0961724,0.374184,57.0719,Returning_Visitor,0,1
5,15,3,0.0477316,0.405983,77.0605,Returning_Visitor,0,1
4,12,8,0.390058,0.934057,25.4546,Returning_Visitor,0,1
3,6,0,0.87951,0.598408,27.9297,New_Visitor,0,0
0,20,10,0.753867,0.0772537,33.4034,Returning_Visitor,1,1
1,19,1,0.532174,0.778662,3.88257,Returning_Visitor,0,1
3,8,0,0.599446,0.289026,20.9348,New_Visitor,0,0
4,1,4,0.358713,0.136398,14.7479,New_Visitor,1,0
3,16,8,0.352206,0.376597,24.9895,Returning_Visitor,1,1
5,13,0,0.634318,0.0864553,58.3975,New_Visitor,1,1
5,13,8,0.773829,0.761718,13.6907,Returning_Visitor,0,1
4,9,3,0.569354,0.853776,36.3981,New_Visitor,1,1
2,1,7,0.00719745,0.0122789,137.572,New_Visitor,0,1
0,13,5,0.904689,0.900913,39.9056,Returning_Visitor,0,1
5,0,5,0.552038,0.100904,16.1233,Returning_Visitor,1,1
0,2,6,0.347759,0.380622,35.3718,Returning_Visitor,0,1
3,20,7,0.596017,0.780275,39.0663,Returning_Visitor,0,1
5,3,5,0.0311798,0.720777,41.0907,New_Visitor,0,1
2,18,2,0.752541,0.843859,47.7737,New_Visitor,0,1
3,11,5,0.548517,0.440917,55.2012,New_Visitor,0,1
2,7,10,0.112133,0.680532,3.78378,Returning_Visitor,0,1
5,13,10,0.0154256,0.440263,3.91749,Returning_Visitor,0,1
0,4,10,0.738966,0.979051,53.5276,Returning_Visitor,0,1
5,3,1,0.831255,0.499629,61.8292,Returning_Visitor,1,1
4,12,7,0.404701,0.767632,128.887,Returning_Visitor,1,1
4,18,3,0.0127225,0.577297,13.8318,Returning_Visitor,0,1
0,17,2,0.652872,0.41266,16.282,Returning_Visitor,1,1
0,0,8,0.548181,0.0832779,11.4658,New_Visitor,1,1
0,9,3,0.885609,0.862642,48.1924,Returning_Visitor,0,0
3,11,10,0.725578,0.25932,89.1212,Returning_Visitor,0,0
0,20,6,0.584815,0.507944,2.11873,Returning_Visitor,0,1
4,2,0,0.0470993,0.431298,7.13401,New_Visitor,0,1
5,15,10,0.157998,0.782793,54.6207,Returning_Visitor,1,1
1,12,10,0.586229,0.210346,22.853,New_Visitor,0,1
4,11,3,0.0597983,0.550639,44.272,Returning_Visitor,1,1
1,15,10,0.881138,0.838318,5.65598,New_Visitor,0,1
5,13,8,0.419339,0.118158,18.0152,Returning_Visitor,0,1
4,0,2,0.905872,0.605393,5.41748,Returning_Visitor,0,0
4,19,3,0.458282,0.358728,39.5423,Returning_Visitor,1,1
5,11,10,0.589466,0.312761,40.5704,Returning_Visitor,1,1
4,8,10,0.454893,0.561256,30.2722,Returning_Visitor,0,1
4,1,0,0.403456,0.331424,62.9978,New_Visitor,0,0
0,0,1,0.709489,0.976421,26.4177,New_Visitor,1,0
1,17,6,0.484333,0.908863,5.24016,New_Visitor,0,1
1,7,6,0.27382,0.789543,0.219468,Returning_Visitor,0,1
3,4,8,0.629014,0.738008,16.6181,Returning_Visitor,0,1
4,20,3,0.161662,0.387855,29.5355,Returning_Visitor,0,1
2,12,8,0.774126,0.176585,51.618,Returning_Visitor,0,1
1,7,10,0.450091,0.77271,14.3563,New_Visitor,0,1
3,18,6,0.270817,0.324071,33.8822,Returning_Visitor,0,0
0,16,0,0.994322,0.837565,94.6556,Returning_Visitor,0,1
4,12,1,0.722477,0.159818,12.7726,Returning_Visitor,0,1
3,14,1,0.0364919,0.725635,23.7036,Returning_Visitor,1,1
5,15,6,0.580294,0.348804,0.65676,Returning_Visitor,0,1
3,8,2,0.871545,0.709196,10.6272,Returning_Visitor,1,1
1,16,0,0.928261,0.0209926,145.308,New_Visitor,1,1
2,4,5,0.516627,0.928837,117.272,Returning_Visitor,0,1
4,8,3,0.232276,0.723651,87.9087,Returning_Visitor,0,1
4,18,1,0.540747,0.648167,168.354,Returning_Visitor,0,1
1,1,3,0.18406,0.0790425,79.8583,New_Visitor,0,1
1,12,1,0.514913,0.963634,64.7179,New_Visitor,0,1
3,2,1,0.137325,0.433605,194.068,New_Visitor,0,1
2,6,2,0.507448,0.0944956,67.8893,Returning_Visitor,0,1
4,0,3,0.828364,0.957122,10.962,Returning_Visitor,1,1
0,7,5,0.138912,0.660044,76.9196,Returning_Visitor,0,1
4,5,4,0.388944,0.257922,44.2315,New_Visitor,1,1
2,0,2,0.945988,0.885165,74.9883,Returning_Visitor,0,0
3,16,10,0.505202,0.958069,9.19392,Returning_Visitor,0,1
0,7,3,0.223432,0.581329,12.1748,Returning_Visitor,0,1
0,10,3,0.54044,0.422063,2.19956,Returning_Visitor,0,1
4,19,8,0.211907,0.468802,48.1666,New_Visitor,1,1
4,11,4,0.130805,0.956552,58.9919,Returning_Visitor,1,1
2,20,10,0.830358,0.456244,8.86634,Returning_Visitor,0,1
2,1,10,0.400029,0.96122,55.3863,Returning_Visitor,0,0
1,0,6,0.293334,0.292668,18.5908,Returning_Visitor,1,1
5,16,4,0.988744,0.0511567,21.4446,New_Visitor,0,1
0,9,9,0.954526,0.213866,149.447,Returning_Visitor,1,1
